root,25640
admin,6943
test,4146
user,3060
ubuntu,2322
postgre,2292
oracle,2174
git,1942
ftpuser,1726
123456,1660
teamspe,1658
deploy,1384
minecra,1262
123,1146
testuse,1098
guest,1088
support,1065
passwor,1064
nagios,990
ubnt,986
student,936
server,828
hadoop,804
1234,790
jenkins,734
develop,732
www,690
sinusbo,686
ts3,672
user1,668
demo,666
uftp,614
tomcat,608
12345,606
1,604
ts,598
webmast,572
usuario,566
temp,556
mysql,539
adminis,536
tester,532
odoo,532
test2,514
dev,488
weblogi,486
sysadmi,476
alex,474
vbox,464
vnc,458
1234567,448
www-dat,444
bot,436
ts3serv,420
sammy,416
web,414
tom,414
ftptest,406
steam,403
zabbix,400
test1,394
testftp,382
redmine,358
testing,358
debian,356
ansible,346
teste,342
admin1,322
upload,322
chris,318
ftpadmi,312
mc,312
system,310
mcserve,304
deploye,294
pi,292
dspace,288
1q2w3e4,280
webadmi,278
csgoser,276
ftp,270
musikbo,268
test123,262
webuser,254
a,254
newuser,248
user2,246
123123,240
daniel,234
passw0r,230
ec2-use,228
pass,224
cloud,222
ts3bot,214
apache,212
hduser,212
jira,212
jboss,204
info,204
P@ssw0r,200
arkserv,196
gmodser,194
vagrant,192
vps,186
ts3srv,184
1qaz2ws,182
vncuser,182
mongodb,176
smbuser,176
pass123,174
userftp,174
cactius,174
sftpuse,172
plex,166
123321,166
david,166
user3,166
factori,166
p@ssw0r,164
qwerty,162
service,160
kafka,158
suporte,156
csserve,154
server1,152
Passwor,150
sinus,148
sftp,148
node,146
butter,142
radio,142
db2fenc,140
musicbo,140
gitlab,138
gpadmin,136
mysql2,132
arma3se,132
gituser,132
qwe123,128
vyatta,128
servers,126
testtes,124
frappe,124
backup,122
ftp_use,120
fctrser,116
qwerty1,116
prueba,116
gitolit,114
111111,114
christi,114
myftp,112
changem,112
123qwe,110
abc123,110
appuser,110
sshuser,110
rstudio,106
12,106
odroid,106
db2inst,104
ts2,102
web1,98
Adminis,98
ftpusr,98
usernam,98
master,96
ftp1,96
update,96
dbadmin,94
tf2serv,94
login,92
custome,92
test01,92
insserv,92
default,90
qwer123,90
admin12,88
svn,88
cacti,88
guest_c,88
ftp_tes,88
steamcm,86
cssserv,86
slview,86
bots,86
robot,84
manager,84
applmgr,84
vmuser,84
terrari,84
ownclou,84
user5,84
mailtes,84
esbuser,84
uploade,82
webcam,82
q1w2e3r,82
tsbot,82
qhsuppo,80
mc3,80
test6,80
nginx,80
test3,80
sdtdser,80
redis,80
demo1,80
user01,78
adminus,78
guest1,78
office,78
oneadmi,78
super,77
admin2,76
wwwadmi,76
devops,76
cms,76
guest3,76
1234qwe,76
sgeadmi,76
gitlab-,76
user4,76
2,74
User,74
sonar,74
bot1,74
helen,74
q1w2e3,74
1qaz@WS,74
informi,74
marketi,74
miusuar,74
john,73
duser,72
wp-user,72
dbuser,72
toor,72
user22,70
bot2,70
vboxuse,70
centos,70
telnet,68
alice,68
rustser,68
zimbra,68
safeuse,68
common,68
test7,68
devel,68
buildbo,66
user9,66
mysql1,66
pos,66
nextclo,66
jtsai,66
ts3user,64
proxyus,64
amsftp,64
guest2,64
testsft,64
zxcloud,64
admin01,64
ircbot,64
demo3,64
Admin,64
pgadmin,62
soporte,62
temp1,62
web5,62
!QAZ2ws,62
svnuser,62
Qwerty1,62
systest,62
monitor,62
public,62
steven,62
sshusr,62
mcguita,62
asteris,62
mike,62
operato,61
rust,60
cloudus,60
cvsadmi,60
mongous,60
mailser,60
webserv,60
kuaisuw,60
cyrus,60
grid,60
cron,60
jack,60
deploy1,60
nexus,60
boot,60
www-upl,58
znc-adm,58
kfserve,58
luser,56
labuser,56
sbserve,56
newadmi,56
eversec,56
rabbitm,56
portal,56
linuxad,56
azureus,56
admins,54
csr1dev,54
jake,54
app,54
nodejs,54
vserver,54
mqm,54
samba,54
cumulus,54
zxin10,54
1q2w3e,54
tommy,54
209,52
tomas,52
sshd,52
user123,52
network,52
tempuse,52
db2admi,52
openerp,52
squid,52
solr,52
patrol,52
richard,50
teste1,50
whmcs,50
mumbles,50
cloudad,50
test101,50
bkpuser,50
passwd,50
yang,50
patrick,50
cvs,50
ark,50
user8,50
its,48
raspber,48
ftpsecu,48
timemac,48
webapps,48
gmod,48
ubuntu1,48
hadoop1,48
trendim,48
tomcat7,48
abc,48
scpuser,46
team,46
sa,46
serverp,46
linux,46
Passw0r,46
squadse,46
account,46
321,46
nagios1,46
news,46
noc,46
fabian,44
webadm,44
lee,44
backupu,44
share,44
localad,44
!@#$%^,44
speedte,42
210,42
cisco,42
dockeru,42
testpas,42
alexis,42
xbmc,42
Redisto,42
tuser,42
letmein,42
ajay,42
itadmin,42
matt,42
elastic,42
mysftp,40
admin3,40
uucp,40
gerrit2,40
helpdes,40
$BLANKP,40
shoutca,40
ghost,40
mpiuser,40
client,40
webs,40
bot123,40
webdata,40
maria,40
mcadmin,40
apitest,40
amavis,40
mx,40
lab,40
ftp123,40
tomcat1,40
webmail,40
jenns,40
176,38
233,38
chandru,38
com,38
templat,38
steam12,38
sampser,38
stats,38
devuser,38
bserver,38
36,38
test4,38
csgo-se,38
fax,38
ut2k4se,38
itsuppo,38
anna,38
abc@123,38
eric,37
153,36
demouse,36
tomek,36
kerapet,36
xbian,36
abcd,36
paul,36
wordpre,36
tester1,36
rodoman,36
tststs,36
ethos,36
diradmi,36
vftp,36
wocloud,36
123qwea,36
ben,36
csczser,36
updater,36
max,36
gitblit,36
sys,36
appserv,36
supervi,36
hadoopu,36
n,36
amstest,36
sun,36
miner,36
201,34
abc1234,34
ved,34
webster,34
user02,34
teampsp,34
d,34
spam,34
losts,34
appadmi,34
mailman,34
scanner,34
dts,34
mine,34
dan,34
mythtv,34
sail_ft,34
transfe,34
stephan,34
alexand,34
postmas,34
vmail,34
design,34
redbot,34
alexk,34
dave,32
stefan,32
1111,32
eshop,32
openvpn,32
wp,32
ed,32
libuuid,32
wwwadm,32
sales,32
sebasti,32
wpyan,32
tmpuser,32
kevin,32
images,32
sysop,32
gabriel,32
qwertyu,32
sybase,32
csadmin,32
csgo,32
pa,32
user7,32
webmo,30
user21,30
sg,30
spark,30
tomc@t,30
aaa,30
leo,30
user@12,30
ntadmin,30
wwwrun,30
install,30
invoice,30
sentry,30
airadmi,30
live,30
sftptes,30
amanda,30
operado,30
vyos,30
viktor,30
polycom,30
m,30
webtool,30
ax400,30
bob,30
tempora,30
diablo,30
deb,30
27,30
thomas,30
newslet,30
pgsql,30
charles,30
tmp,30
adam,30
P@55w0r,30
james,30
user0,30
mcserv,30
joe,30
mailer,30
sh,28
w,28
victor,28
python,28
tempo,28
co,28
vs,28
appltes,28
temp123,28
marco,28
attack,28
hp,28
it,28
laura,28
mongo,28
mark,28
jason,28
access,28
conflue,28
school,28
vmadmin,28
hmsftp,28
cav,28
boss,28
tim,28
george,28
alan,28
op,28
tempftp,28
q3serve,28
odoo201,28
83,28
contact,28
git_use,26
starbou,26
k,26
admin@1,26
.,26
foo,26
testmai,26
fake,26
tb,26
serverc,26
bwadmin,26
cpanel,26
user100,26
vi,26
ws,26
wildfly,26
pul,26
fm,26
x,26
docker,26
gb,26
trainin,26
git1,26
daniell,26
oracles,26
oracle1,26
pentaho,26
tecnici,26
cod4ser,26
alberto,26
pw,26
anonymo,26
post1,26
ian,26
r,26
eden,26
user6,26
martine,26
smbgues,26
qazwsx,26
mail,25
dietpi,25
rh,24
project,24
lpa,24
fox,24
ivan,24
sk,24
sj,24
sm,24
rtest,24
passpor,24
aj,24
tk,24
vic,24
bk,24
cs,24
cp,24
xguest,24
ocadmin,24
albert,24
dy,24
PlcmSpI,24
welcome,24
craig,24
l4d2ser,24
rator,24
fy,24
robert,24
bash,24
teste@1,24
deme,24
library,24
neo,24
106,24
107,24
alarm,24
arma3,24
steve,24
qwe@123,24
iptv,24
baptist,24
gp,24
plesk,24
29,24
bin,24
idcisp,24
castis,24
le,24
odoo9,24
nagiosm,24
dylan,24
ftp-use,24
d@n13l,24
os,24
ts3pass,24
182,24
java,24
pn,24
brian,24
136,24
g,24
rpm,24
perseus,24
games,23
rf,22
stack,22
freak,22
new,22
maximo,22
1234123,22
sy,22
dbps,22
654321,22
al,22
tf,22
wayne,22
webcam1,22
!QAZxsw,22
tiago,22
ov,22
matrix,22
ca,22
felix,22
paula,22
carlos,22
cycle,22
michel,22
P@sswor,22
steamst,22
francis,22
fe,22
yu,22
qweasd1,22
openpro,22
virtual,22
gitgit1,22
vijay,22
celery,22
gaurav,22
kim,22
229,22
radio12,22
ju,22
jd,22
nan,22
ks,22
35,22
tan,22
xxx,22
redhat,22
qazwsxe,22
hdfs,22
b,22
art,22
ph,22
anne,22
111,22
z,22
hw,22
d3pl0y3,22
webweb,22
everdat,21
nobody,21
rs,20
12qwasz,20
ttf,20
admin4,20
otto,20
212,20
jhon,20
av,20
th,20
tc,20
elena,20
gitadmi,20
scan,20
proxy,20
firefar,20
leon,20
downloa,20
rsync,20
qwe123!,20
ui,20
hello,20
oprofil,20
instrum,20
softwar,20
prueba1,20
ch,20
cu,20
site,20
juan,20
admin32,20
a1b1c3,20
db,20
brad,20
vermont,20
mia,20
testsit,20
majordo,20
product,20
es,20
xl,20
fh,20
0d00,20
fd,20
cvsuser,20
yh,20
yn,20
neil,20
jordan,20
kai,20
arbaiah,20
carmen,20
gz,20
michael,20
zk,20
zf,20
alessan,20
austin,20
databse,20
124,20
www1234,20
peter,20
backups,20
hy,20
hm,20
openele,20
103,20
adminad,20
leila,20
oracle@,20
oracle2,20
sll,20
shop,20
git321,20
secret,20
luis,20
hbase,20
cloudte,20
ogrish,20
an,20
tj,20
vpn,20
ma,20
ms,20
victori,20
nagios@,20
nag10s,20
yuanwd,20
Cumulus,20
p@sswor,20
sidney,20
informa,20
mysql@1,20
zebra,20
steampa,20
odoo123,20
andrey,20
leinad,20
charlot,20
contado,20
zzz,20
teste12,20
edu,20
abcd123,20
snoopy,20
,19
sync,19
tony,19
sms,18
tech,18
dspace1,18
irc,18
leave,18
su,18
sam,18
tsserve,18
osmc,18
clock,18
upload1,18
NetLinx,18
lea,18
nancy,18
etl,18
vo,18
alejand,18
webftp,18
ttest,18
interne,18
lan,18
l,18
bruce,18
dm,18
wk,18
wh,18
jose,18
daemon,18
web3,18
build,18
angela,18
eg,18
ex,18
dovecot,18
willie,18
log,18
mysql12,18
louis,18
mb,18
frappe1,18
666,18
pa55w0r,18
cheryl,18
vb0x,18
cgi,18
e,18
zj,18
ze,18
zc,18
vinay,18
ruben,18
laurent,18
gast,18
home,18
hs,18
hg,18
po,18
zaq12ws,18
123admi,18
a1b2c3d,18
mario,18
00,18
ting,18
website,18
io,18
temp@12,18
mailnul,18
diana,18
jv,18
jh,18
mary,18
csgo123,18
root123,18
search,18
ryan,18
d3m0,18
zhouh,18
advagra,18
useruse,18
huawei,18
37,18
odoopas,18
glassfi,18
ag,18
m1,18
me,18
webaliz,18
hadoop@,18
ts123,18
popd,18
catalin,18
azerty,18
abel,18
np,18
zookeep,18
li,18
web2,18
ali,18
andrea,18
oy,18
disk,18
tset,18
team123,18
vlad,18
c,18
asdf,18
andy,18
wu,18
qq,18
job,18
cloud12,16
rootme,16
rb,16
wasd,16
dspace@,16
hammer,16
wasadmi,16
haxor,16
st,16
sn,16
oper,16
alias,16
peaches,16
1qazxsw,16
vision,16
ur,16
jobs,16
etherpa,16
hdpuser,16
debug,16
image,16
aa,16
ae,16
ismail,16
sanvirk,16
pick,16
uploadF,16
it1,16
s3rv3r,16
supersy,16
IDC.bak,16
dominic,16
robin,16
ug,16
carrera,16
r00t,16
webroot,16
pa55wor,16
h,16
cr,16
ts1,16
spotlig,16
chen,16
oraprod,16
list,16
Vision,16
alumni,16
ftpd,16
ds,16
xc,16
wc,16
wj,16
cod,16
toni,16
ident,16
couchdb,16
bunny,16
openbra,16
salim,16
rakesh,16
alien,16
alex@12,16
httpd,16
prova,16
ibm,16
francoi,16
xz,16
ClepSi,16
ams,16
t,16
isms,16
ft,16
help,16
system@,16
ya,16
adm,16
qweasdz,16
ts3musi,16
nas,16
mahendr,16
zz,16
zq,16
man,16
julian,16
http,16
theodor,16
jinshit,16
pr,16
ha,16
marcos,16
joshua,16
org,16
oleg,16
xbnet,16
enzo,16
in,16
if,16
carshow,16
Cisco,16
wwwdata,16
henry,16
finance,16
aosky,16
wiki,16
jt,16
jo,16
jk,16
leonard,16
sistema,16
dong,16
ftpus3r,16
kk,16
kq,16
dovenul,16
leslie,16
1231231,16
webmin,16
euftpus,16
named,16
abc1,16
bing,16
lg,16
lw,16
frank,16
bernard,16
bocosft,16
gmst,16
vuser,16
julie,16
tg,16
mn,16
mk,16
mt,16
mp,16
robot12,16
amit,16
filter,16
qwerty3,16
scorpio,16
gemma,16
vvv,16
huawei0,16
lukas,16
sanjay,16
cooper,16
chuan,16
no,16
pos2,16
utsims,16
fbnet,16
nathan,16
pop,16
andrei,16
trash,16
plesk10,16
myftp12,16
pablo,16
fileMgr,16
cdr,16
md,16
welc0me,16
pc,16
pl,16
bouncer,16
M,16
guangdo,16
tomcat5,16
tomcatt,16
celia,16
tuan,16
mysquel,16
gs_dian,16
qr,16
dpi_cle,16
vicky,16
jeremy,16
libsuse,16
php5,16
dell,14
miller,14
123jenk,14
underne,14
rq,14
ra,14
rk,14
dummy,14
ts3slee,14
jupyter,14
valenti,14
saul,14
metin2,14
crichar,14
ankit,14
o,14
almacen,14
ramesh,14
sx,14
sq,14
sp,14
sd,14
kong,14
jin,14
tamara,14
thaiset,14
legal3,14
legal2,14
bjbnet,14
ddd,14
elsearc,14
ac,14
as,14
aw,14
shaun,14
evertes,14
tv,14
tt,14
hugo,14
beavis,14
powerap,14
frosty,14
divya,14
rebecca,14
falcon,14
test@12,14
ba,14
bo,14
bi,14
carol,14
lucia,14
kristen,14
magic,14
idcdata,14
venom,14
sharon,14
linda,14
device,14
ck,14
cj,14
cl,14
cb,14
lv,14
va,14
vp,14
vu,14
raymond,14
wen,14
Idctest,14
gandalf,14
be,14
compute,14
sdnmuse,14
mbs12!*,14
sarah,14
erp,14
lisa,14
di,14
dd,14
dw,14
we,14
wt,14
huang,14
wy,14
cop,14
cos,14
tftp,14
tong,14
ETL,14
ain,14
jerry,14
webpass,14
hbxctz,14
hduser@,14
t0mc4t,14
joomla,14
ea,14
ew,14
ev,14
er,14
xm,14
xq,14
travis,14
aecpro,14
karika,14
djlhc11,14
0racle,14
xuelp12,14
oliver,14
trustno,14
im,14
liang,14
virgini,14
passuse,14
fs,14
ff,14
fi,14
yq,14
asd,14
vincint,14
anthony,14
mdom,14
demo123,14
nxuser,14
larry,14
congxin,14
guest01,14
gv,14
ga,14
gj,14
bitnami,14
hive,14
barbara,14
za,14
thommy,14
camera,14
ronald,14
yong,14
testete,14
aron,14
clouder,14
pp,14
IDC,14
hq,14
ht,14
hh,14
hi,14
hn,14
hipchat,14
prashan,14
edward,14
setup,14
mktg2,14
artifac,14
tina,14
iy,14
id,14
vdi,14
azure,14
drive,14
madison,14
kodi,14
p@55w0r,14
portal_,14
znc,14
123qweA,14
smmsp,14
roger,14
long,14
adela,14
jj,14
jc,14
techuse,14
ellie,14
gittest,14
adriana,14
u,14
liam,14
emily,14
splash,14
noreply,14
visitan,14
zd,14
ky,14
dante,14
gnats,14
bill,14
ruth,14
radiusd,14
123hado,14
atlas,14
fletche,14
thiago,14
iii,14
zxt2000,14
lt,14
ls,14
rep,14
bnet,14
tests,14
vboxadm,14
pig,14
uftp@12,14
mm,14
hadoop2,14
ales,14
suva,14
jean,14
spencer,14
gs_yido,14
kapaul,14
jeffrey,14
anonimu,14
nc,14
qb,14
qqq,14
ana,14
ann,14
ssl,14
andrew,14
rosicle,14
samples,14
oh,14
ob,14
ot,14
jdeleon,14
fai,14
duan,14
renato,14
Alphane,14
fernand,14
marcus,14
d3v,14
netgate,14
zachary,14
windows,14
rob,14
roman,14
pt,14
pk,14
sabayon,14
isabell,14
simon,14
usr,14
tar,14
adrian,14
karina,14
aaron,14
dkauffm,14
dpiftpz,14
vcsa,14
qg,14
rpc,14
bmuuser,14
carrie,14
sven,14
biable,14
wilma,14
pulse,12
sales1,12
hera,12
Br4pbr4,12
wang,12
smtp,12
ru,12
rv,12
rp,12
rr,12
rd,12
rg,12
stacy,12
xin,12
ahmed,12
johan,12
melissa,12
gopher,12
hong,12
shadow,12
joseph,12
cassie,12
sky,12
sr,12
so,12
jie,12
hou,12
avis,12
liziere,12
astral,12
fms,12
shawn,12
arun,12
nscd,12
merlin,12
roby,12
cedric,12
jeremia,12
s,12
legal1,12
iamroot,12
vsftpd,12
gdm,12
sn0wcat,12
russ,12
ab,12
ad,12
ap,12
au,12
rx,12
tp,12
tm,12
smile,12
sme,12
mdev,12
tstuser,12
github,12
jiang,12
django,12
bryon,12
zabbix@,12
it2,12
ser,12
Server,12
zongfen,12
ferari,12
bb,12
bj,12
bx,12
serverm,12
server@,12
ua,12
nimda,12
send,12
eva,12
marry,12
warehou,12
beny,12
element,12
designe,12
jan,12
qomo,12
ultra,12
vn,12
wargame,12
kjayroe,12
git@123,12
sander,12
jesse,12
jacob,12
chef,12
brc,12
par0t,12
dl,12
da,12
ftp2,12
dx,12
wb,12
wa,12
wx,12
hank,12
smkim,12
adougla,12
pos1,12
post,12
payment,12
gitpass,12
alina,12
weixin,12
el,12
ef,12
eb,12
eq,12
vpxuser,12
coin,12
marina,12
xe,12
xy,12
xs,12
yin,12
andreia,12
adolf,12
samuel,12
qin,12
d3v3lop,12
noah,12
p_l_sum,12
desktop,12
squirre,12
test001,12
hoge,12
bots123,12
vm,12
cu_back,12
history,12
IBM,12
magento,12
hhh,12
fw,12
fx,12
fc,12
fo,12
deluge,12
yi,12
yb,12
yw,12
viorel,12
drupal,12
greg,12
alpha,12
rogerio,12
rajesh,12
maurici,12
kiran,12
anon,12
fln75g,12
salesbo,12
walter,12
look,12
florian,12
alvin,12
stanchi,12
gu,12
gs,12
benutze,12
gc,12
zl,12
zh,12
zx,12
clark,12
control,12
joelma,12
zenoss,12
kiss,12
willy,12
pcap,12
vinci,12
secreta,12
ashley,12
sales10,12
logger,12
taiga,12
daniel1,12
sphinx,12
cesar,12
bogdan,12
servido,12
ovh,12
zope,12
garry,12
ming,12
auditor,12
ashok,12
monica,12
earl,12
gentry,12
uno,12
ip,12
is,12
iu,12
iw,12
il,12
save,12
opc,12
testerp,12
benjami,12
zhong,12
sammysa,12
paintba,12
ml,12
black,12
ping,12
q,12
dick,12
kernel,12
jp,12
ji,12
tuo,12
ja,12
jking,12
okilab,12
lukasz,12
titan,12
remote,12
lian,12
dian,12
abe,12
christo,12
none,12
den,12
mapr,12
us3r,12
peng,12
claudia,12
para,12
haclust,12
psybnc,12
kathrin,12
zr,12
ke,12
kd,12
kj,12
kh,12
kn,12
kt,12
elizabe,12
sya,12
tompass,12
bamboo,12
t3st,12
tunnel,12
dn,12
bonec,12
katja,12
fulgerc,12
dujoey,12
marcelo,12
vishnu,12
impala,12
pushous,12
vbox123,12
wq,12
test9,12
kristin,12
temppwd,12
j,12
bruno,12
icecast,12
tw,12
allison,12
seoulse,12
alek,12
harry,12
fred,12
kinder,12
magda,12
tsadmin,12
databas,12
odoo@12,12
saurabh,12
nnn,12
nh,12
nl,12
ns,12
nt,12
colleen,12
casey,12
stream,12
ofsaa,12
dbpassw,12
superma,12
huo,12
mou,12
sensivi,12
prestas,12
ssh,12
debian1,12
andres,12
peuser,12
ross,12
p@55wOr,12
om,12
oc,12
gregory,12
jun,12
sshvpn,12
tsts,12
telnetd,12
frederi,12
emmanue,12
ricardo,12
haohand,12
king,12
kigwa,12
discord,12
cirros,12
px,12
teacher,12
pf,12
pm,12
rene,12
lilycit,12
rrr,12
serenge,12
manish,12
ellen,12
mc-liur,12
backupa,12
orange,12
hayden,12
zxc,12
unknown,12
ho,12
hl,12
qe,12
qf,12
qk,12
viper,12
halt,12
botsinu,12
smith,12
knox,12
qj,12
domain,12
jenny,12
appusr,10
unit,10
musik,10
yahoo,10
netadmi,10
ftppass,10
rt,10
rl,10
rj,10
technic,10
localho,10
rodrigu,10
release,10
recruit,10
securit,10
ftp_pas,10
shuang,10
bnc,10
bobby,10
jrkotrl,10
TeamSpe,10
vinitha,10
cristia,10
cristin,10
xiaozb,10
love,10
br,10
zhao,10
mirror0,10
sandeep,10
ss,10
sv,10
sf,10
se,10
jim,10
didi,10
huangwe,10
jsserve,10
syifa,10
phil,10
manu,10
sean123,10
tushar,10
user03,10
mhlee,10
abhijit,10
alfredo,10
traffic,10
vivian,10
acc,10
ack,10
mice,10
johnny,10
ah,10
ay,10
ty,10
tu,10
tr,10
td,10
te,10
ta,10
tanya,10
ramon,10
popeye,10
tomtom,10
beatriz,10
doom,10
coralyn,10
t3bot,10
pang,10
pano,10
olivia,10
deda,10
nhlonip,10
uploadu,10
HDP,10
oracle9,10
gold,10
arpit,10
movie,10
jocelyn,10
root@12,10
xiong,10
von,10
chase,10
identd,10
lxd,10
earnest,10
signalh,10
kmem,10
1324,10
spring,10
bn,10
bt,10
bu,10
bp,10
chu,10
ut,10
uv,10
us,10
un,10
compsx,10
bird,10
dspaced,10
rdp,10
ying,10
dengbc,10
soap,10
pete,10
bret,10
lloyd,10
sylvia,10
sylvie,10
lucky,10
shashi,10
ci,10
cm,10
cf,10
vb,10
vd,10
vk,10
vy,10
Oracle1,10
paulo,10
paulj,10
sysmail,10
sysadm,10
csgosrv,10
zhou,10
panda,10
msql,10
interna,10
zhiming,10
sasha,10
theo,10
Admin@1,10
Pa$$w0r,10
bank,10
tian,10
render,10
timothy,10
nano,10
sharks,10
getmail,10
wzp,10
appluat,10
dh,10
dg,10
dv,10
dp,10
wi,10
wz,10
thierry,10
distccd,10
jeffers,10
posp,10
daojun,10
wai,10
emil,10
wuqing,10
veroniq,10
beaglei,10
colorad,10
gui,10
p,10
htt,10
hts,10
opensta,10
vodafon,10
natasha,10
creis,10
luan,10
tanja,10
noi,10
hall,10
eh,10
node123,10
rudy,10
apples,10
Admin12,10
angel,10
online,10
roxie,10
america,10
mri,10
maint,10
fedor,10
contas,10
exploit,10
elvis,10
mikael,10
heng,10
bonaka,10
1478963,10
yy,10
ccc,10
ntpd,10
nmp,10
central,10
farid,10
miguel,10
boinc,10
cameron,10
elias,10
vera,10
ushare,10
dtogrou,10
vc,10
vg,10
ravi,10
fq,10
fa,10
fg,10
fk,10
umesh,10
fff,10
systema,10
yj,10
ye,10
yf,10
douglas,10
sammy12,10
station,10
sjnystr,10
liu,10
x-bot,10
kan,10
kay,10
duncan,10
test8,10
mehdi,10
atscale,10
jeff,10
jairo,10
elsa,10
icaro,10
jpg,10
joeflor,10
shliu,10
dzwang,10
songswe,10
wangyon,10
sandra,10
reet,10
reed,10
william,10
gw,10
gq,10
gh,10
nichola,10
minera,10
zy,10
denys,10
alfresc,10
lenore,10
marek,10
bilder,10
keep,10
nfsd,10
rizky,10
pass1,10
juanlee,10
guillau,10
kev,10
ceng,10
payme,10
i,10
sofia,10
unseen,10
martin,10
miner13,10
camilo,10
anurag,10
pg,10
hj,10
hf,10
wangjun,10
omar,10
mktg3,10
plcmspi,10
weenie,10
xiuzuan,10
luca,10
doug,10
tomhand,10
xue,10
maveric,10
geral,10
ginger,10
marie,10
visitor,10
ldap,10
sandy,10
julien,10
clamav,10
coremai,10
tino,10
riley,10
mcm,10
ir,10
ii,10
ij,10
molin,10
ib,10
roland,10
unicorn,10
devdata,10
nrpe,10
olinda,10
fluentd,10
jenn,10
info2,10
info5,10
info4,10
digital,10
danilet,10
passowo,10
word,10
influxd,10
stef,10
rmsasi,10
123qwe1,10
mai,10
mao,10
aDmin,10
matias,10
vanderl,10
apagar,10
alfred,10
norman,10
mihai,10
jw,10
jq,10
js,10
jf,10
jb,10
cqy,10
cock,10
vandam2,10
zephyr,10
yyy,10
anish,10
manuel,10
gf,10
css,10
brady,10
1415926,10
rumbidz,10
flower,10
print,10
rzhao,10
P@$$w0r,10
8,10
mailbox,10
pedro,10
jaqueli,10
sumit,10
cui,10
sysman,10
tigger,10
warlock,10
hippote,10
lydia,10
ssingh,10
leng,10
noacces,10
joey,10
che,10
leibo,10
Nicole,10
pop3,10
lf,10
lc,10
lo,10
lh,10
vaibhav,10
lq,10
lx,10
ly,10
daw,10
ts4,10
mats,10
jmzhou,10
flume,10
mig,10
tfarcen,10
testadm,10
oozie,10
appldev,10
lovemai,10
peewee,10
yahepi,10
justin,10
sysomc,10
beginne,10
geraldo,10
caozyin,10
kun,10
julia,10
altibas,10
mg,10
mh,10
mj,10
mr,10
hadooph,10
plex123,10
react,10
qhfc,10
liping,10
role1,10
a1b2c3,10
ram,10
rohit,10
cyp,10
uwsgi,10
rancid,10
carolin,10
gogs,10
sabrina,10
mud,10
karen,10
test10,10
test12,10
nfsnobo,10
scarlet,10
hiperg,10
vboxvbo,10
cmxp,10
cherry,10
narendr,10
nora,10
smolt,10
nz,10
nu,10
norm,10
sql,10
coach,10
deepmag,10
artwork,10
local,10
judy,10
oleta,10
ppp,10
kent,10
yue,10
acct,10
hue,10
hua,10
copy,10
bertran,10
skdb,10
michela,10
ito,10
sss,10
trade,10
joker,10
kibana,10
beifall,10
m1n3cr@,10
hwserve,10
bismarc,10
rosemar,10
shell,10
na,10
ng,10
rosa,10
xing,10
moon,10
oo,10
ok,10
oj,10
oz,10
aion,10
jiao,10
acet,10
wubao,10
sowmya,10
Joshua,10
chzhou,10
syslog,10
archuse,10
theresa,10
nancys,10
lair,10
guinnes,10
haldaem,10
hill,10
rails,10
storm,10
aman,10
fresco,10
juliana,10
eugen,10
hlds,10
pvm,10
annie,10
tgz,10
ocsrule,10
ps,10
pz,10
pe,10
jgdl,10
press,10
bayonne,10
raphael,10
phion,10
othello,10
fabio,10
yunmen,10
tomcat8,10
muyu,10
users,10
gabi,10
kslaw,10
iitkgp,10
apple,10
ran,10
api,10
netdump,10
msda,10
edit,10
nfs,10
gitgit,10
steam1,10
cs-go,10
deng,10
brenda,10
qp,10
qy,10
titus,10
qh,10
qm,10
qo,10
exam,10
jon,10
norbert,10
wanxins,10
hms,10
myl,10
vbox@12,10
simulat,10
console,10
Zmeu,10
leah,10
Jewel,10
wesley,10
ek,10
et,10
abigail,10
sheri,10
ioana,8
lord,8
xuzhenm,8
golden,8
unix,8
mashby,8
vanesa,8
dnv,8
glass,8
data-ww,8
machine,8
bsnl,8
profess,8
applpro,8
xp,8
xv,8
ry,8
rc,8
rn,8
ro,8
angelin,8
Oracle,8
vishvji,8
sitio,8
botmast,8
juraser,8
teresa,8
rick,8
linuxmi,8
edgar,8
chloe,8
union,8
joerg,8
fauzi,8
enderdi,8
worker,8
jaime,8
yellow,8
lucas,8
simsadm,8
mopas,8
hal,8
hau,8
sma,8
avila,8
ciro,8
preside,8
fish,8
tyrell,8
nova,8
useradm,8
damares,8
ddos,8
lundi,8
liliya,8
berlin,8
lazarus,8
sniffer,8
standar,8
comut,8
semenov,8
tear,8
hack,8
address,8
volumio,8
jlxia,8
ovidiu,8
sz,8
sandbox,8
sl,8
sb,8
kwese12,8
grandma,8
pentaki,8
nicknam,8
lachlan,8
open,8
wasadrc,8
megatbr,8
sophia,8
rainer,8
sap,8
zou,8
jacky,8
sale,8
ama,8
ux,8
pimp,8
fushang,8
cis,8
dexter,8
clayton,8
rafal,8
photon,8
train5,8
P@$$wor,8
tara,8
resu,8
attachm,8
regia,8
noob,8
toto,8
exim,8
dresden,8
atlasma,8
hei,8
spider,8
af,8
am,8
at,8
az,8
nelson,8
kooroon,8
tx,8
tn,8
tl,8
adina,8
httpfs,8
kao,8
tasha,8
kaitlyn,8
schwein,8
konggu,8
jiguand,8
iso,8
brett,8
nvidia,8
patil,8
hmyang,8
llama,8
ncim,8
hzh,8
lynda,8
sanjeev,8
guan,8
dingjin,8
miao,8
sahil,8
chenyaj,8
condor,8
dustin,8
openlda,8
seb,8
sen,8
rita,8
len,8
opendki,8
lew,8
devil,8
owen,8
kelly,8
sims,8
untu,8
minerva,8
netika,8
sienna,8
wangyi,8
bf,8
bl,8
bh,8
bv,8
clinton,8
mythic,8
lina,8
uy,8
uz,8
uq,8
uo,8
sysback,8
uf,8
chan,8
chao,8
misiek,8
video,8
anton,8
lex,8
cassand,8
firefox,8
sgt,8
sgi,8
slib,8
client1,8
process,8
directi,8
duangq,8
hirtc,8
neeraj,8
tigrou,8
poliana,8
davis,8
anita,8
jesus,8
seymour,8
grandpa,8
roberto,8
torrent,8
atir,8
dmkim,8
abby,8
cz,8
cq,8
ct,8
eduardo,8
maud,8
vj,8
vq,8
vr,8
vx,8
vz,8
hibiz,8
dust,8
php,8
kontakt,8
bananap,8
Access,8
shujun,8
resin,8
jojo,8
aatul,8
stage,8
iwan,8
joyce,8
flynn,8
demopas,8
devpass,8
ale,8
feered,8
cmc,8
wnews,8
sunkai,8
gerry,8
melusi,8
mathew,8
work,8
ik,8
wartung,8
ia,8
kaja,8
lai,8
superus,8
adil,8
zed,8
pascal,8
siva,8
forsche,8
jennyfe,8
vinod,8
alexie,8
test02,8
test03,8
test04,8
bbrazun,8
marleth,8
emmy,8
dj,8
df,8
de,8
ems,8
mustafa,8
saiyi,8
wm,8
wv,8
bran,8
easy,8
roderic,8
perform,8
niu,8
rizal,8
invitad,8
photo,8
corneli,8
board,8
maya,8
prueba2,8
pos5,8
denied,8
vinit,8
yanny,8
wan,8
jaxon,8
maximus,8
wagle,8
global,8
anand,8
egbert,8
kito,8
mariusz,8
bravo,8
taylor,8
redmin,8
eki,8
club,8
sharona,8
brayden,8
cap,8
ahavi,8
earleen,8
guohui,8
chiudi,8
pzhccb,8
willow,8
son,8
ee,8
bradley,8
ey,8
eu,8
ep,8
xi,8
xb,8
xx,8
message,8
xt,8
wcp,8
tom123,8
PS,8
mrx,8
000000,8
anca,8
german,8
hcat,8
readonl,8
system_,8
caulax,8
aura,8
dangero,8
biao,8
media,8
cen,8
FvSsUBm,8
xena,8
lada,8
amy,8
xucong,8
mcedit,8
eddie,8
jmulhol,8
nmt,8
sra,8
recepti,8
rje,8
freddy,8
stylofr,8
icosftp,8
yusong,8
dazhou,8
platnos,8
trainer,8
ask,8
nishiya,8
turbo,8
hannes,8
lxliu,8
crysler,8
fz,8
keiv,8
zonaWif,8
mportal,8
yg,8
yz,8
ys,8
yt,8
lbitcku,8
marcio,8
misp,8
heroin,8
moritz,8
tf2,8
ncs,8
alka,8
freddie,8
leandro,8
zeppeli,8
eyesblu,8
maurice,8
webpop,8
both,8
scaner,8
gnbc,8
usbmuxd,8
shao,8
bugzill,8
saslaut,8
yuan,8
elephan,8
arturo,8
www2,8
katie,8
donna,8
eee,8
xuhuihe,8
mustang,8
rui,8
willsha,8
jdk1.8.,8
infa,8
arlindo,8
p4ssw0r,8
asep,8
dvd,8
svt,8
gt,8
hilde,8
gx,8
ge,8
gd,8
leyna,8
zo,8
zt,8
zw,8
user002,8
win,8
ltelles,8
viviane,8
donut,8
kenny,8
zedorf,8
teste01,8
rocco,8
nokia,8
ronjone,8
rumeno,8
qweasd,8
tatiana,8
ethan,8
ttt,8
felipe,8
denise,8
cent,8
catchal,8
dieter,8
simona,8
fido,8
party,8
amssys,8
liupei,8
nate,8
gozone,8
lost,8
huso,8
samba1,8
vhost,8
pq,8
py,8
glenn,8
backupp,8
hz,8
hr,8
hk,8
hc,8
hosting,8
mauro,8
serv_wa,8
friends,8
dorina,8
dnsadrc,8
waldo,8
aufbauo,8
neh,8
!QAZ1qa,8
cindy,8
janine,8
mktg1,8
Abc1234,8
nologin,8
helena,8
i-heart,8
bong,8
lige,8
navy,8
tonglin,8
content,8
fava,8
ism,8
jjj,8
mercede,8
skkb,8
seeb,8
horde,8
gymnasi,8
nm-open,8
ban,8
09,8
www02,8
yilan,8
chun,8
tudor,8
sls,8
aurorap,8
iv,8
konstan,8
lorence,8
elly,8
nicolas,8
liprod,8
hvisage,8
vds,8
taniac,8
xiaofan,8
gregoir,8
222,8
zena,8
inssser,8
nbalbi,8
fsp,8
comerci,8
gael,8
0,8
arma1,8
qody,8
kadri,8
diu,8
mu,8
univers,8
aya,8
lixinhe,8
fly,8
bitrix,8
winston,8
dennis,8
nyx,8
parcy,8
145,8
mac,8
jeus,8
tweety,8
hwkim,8
girl,8
madalin,8
monet@v,8
yuri,8
jts3,8
0102030,8
rezvie,8
sites,8
get,8
aravind,8
gen,8
radu,8
jl,8
jn,8
tun,8
je,8
jfrog,8
bmm,8
bmp,8
klaus,8
antony,8
pat,8
whois,8
pepe,8
samp,8
zxwang,8
vivek,8
phpbb,8
hdsf,8
panjl,8
batchSe,8
alma,8
stonebo,8
albert.,8
serveur,8
gl,8
diag,8
vispi,8
christm,8
jackie,8
lawrenc,8
tccuser,8
diamond,8
yolanda,8
comfort,8
mapp,8
pingliu,8
edwin,8
ppms,8
20,8
freund,8
mmm,8
harris,8
zi,8
hostmas,8
cmsftp,8
adcuser,8
zhoup,8
kc,8
km,8
kp,8
kv,8
luke,8
express,8
fang,8
caocan,8
shader,8
xtra,8
lupoae,8
justme,8
craven,8
nasa123,8
huruya,8
google,8
l4d2,8
desliga,8
pen,8
pankaj,8
bogus,8
jimmy,8
oladapo,8
xian,8
cafe,8
materia,8
joan,8
connie,8
cynthia,8
blaze,8
mlab,8
carla,8
murat,8
ruthie,8
debbie,8
alin,8
stagiai,8
laurie,8
ftp4,8
dt,8
lb,8
lm,8
lj,8
lk,8
lp,8
lfc,8
marius,8
smon,8
harold,8
fernie,8
amminis,8
maowenj,8
justin1,8
collins,8
min,8
yananji,8
team2,8
lobo,8
bear,8
joanna,8
blake,8
elisabe,8
feroci,8
nd,8
rodrigo,8
kpaul,8
seth,8
test5,8
donatas,8
testa,8
bsmith,8
tomy,8
sitekeu,8
bugraer,8
davide,8
princes,8
yamaguc,8
lynx,8
doming,8
pim,8
lianqiu,8
placrim,8
ozzy,8
admin02,8
forum,8
ubuntu@,8
julio,8
souleke,8
mi,8
mw,8
my,8
calenda,8
danny,8
harley,8
ejabber,8
evelin,8
diane,8
db2das,8
dkhan,8
nagios!,8
pl3x,8
oymj,8
areyes,8
frankli,8
gonghr,8
abi,8
fabrici,8
sunil,8
waleed,8
mortime,8
maxreg,8
hitler,8
jmartin,8
marjori,8
complex,8
raghu,8
burrell,8
juancar,8
amos,8
jorge,8
ic1,8
osborn,8
virgin,8
morriga,8
hhhhh,8
nk,8
nm,8
nb,8
roy,8
lll,8
tariq,8
pms,8
lbchao,8
janice,8
rafael,8
andi,8
xinshu,8
polkitu,8
hassan,8
ncmdbus,8
mgp,8
wallace,8
sylvest,8
jennife,8
invento,8
die,8
sha,8
qd,8
viet,8
pokemon,8
PDV,8
shirley,8
alexale,8
pri,8
gustavo,8
giovann,8
armando,8
connor,8
laborat,8
raja,8
debian-,8
dario,8
Guest,8
didier,8
mysqlmy,8
riverda,8
arnold,8
lutz,8
muthu,8
viniciu,8
janet,8
kill,8
apache2,8
blog,8
0l0ctyQ,8
legal,8
o2,8
sshserv,8
toby,8
jian,8
gary,8
margare,8
Abc123,8
rica,8
tolaria,8
ota,8
tanner,8
all,8
jessie,8
fan,8
robyn,8
tex,8
tez,8
myra,8
agustin,8
faina,8
marlon,8
stephen,8
yoshida,8
vitaly,8
projete,8
j0k3r,8
ding,8
sys_adm,8
mythtvm,8
dany,8
dang,8
mapruse,8
dana,8
scott,8
777,8
sandro,8
icinga,8
melody,8
superad,8
arp,8
bart,8
uuu,8
bandit,8
shuaigu,8
carlos2,8
ckodhek,8
bigdiaw,8
erwin,8
corinna,8
zhengke,8
vbox1,8
m1necra,8
wwwuser,8
oravis,8
webhost,8
sonny,8
pradeep,8
dados,8
wnn,8
nick,8
isadmin,8
ashton,8
zhshf,8
claudio,8
explore,8
sheila,8
platfor,8
jessey,8
ines,8
kklai,8
tao,8
sir,8
myvi,8
guest12,8
jukebox,8
db2prod,8
billy,8
nobody4,8
pgbounc,8
1q1q1q,8
rsyncus,8
ludovic,8
leonida,8
johanne,8
cache,8
qt,8
qw,8
qa,8
yassine,8
qc,8
reginal,8
webapp,8
cxh,8
will,8
layer,8
mfg,8
patric,8
csxml,8
fatimac,8
zhoupen,8
guest32,8
waterbo,8
zhouqia,8
deathru,8
losts12,8
ez,8
boon,8
junk,8
bcampio,8
gao,8
lori,6
cathyre,6
vedhasy,6
alumat,6
lukman,6
avery,6
karim,6
music,6
renuka,6
otrs,6
test432,6
matilda,6
antivir,6
telecom,6
awsbill,6
otavio,6
mdestro,6
silver,6
lockout,6
phpmy,6
dst,6
rm,6
smb,6
dracula,6
atb,6
speedy,6
skeng,6
admln,6
rony,6
gilbert,6
fedena,6
qtss,6
aono,6
mating,6
louisa,6
artur,6
bush,6
maciek,6
charcoa,6
ringo,6
harmeet,6
alfons,6
xvf,6
groupof,6
agsadmi,6
matti,6
castro,6
tillid,6
keegan,6
gabri,6
tuna,6
han,6
hao,6
steph,6
oli,6
System,6
emilia,6
malcom,6
jane,6
jana,6
paypal,6
badmin,6
qiu,6
nareng,6
amtszei,6
lara,6
oframe2,6
adorno,6
lavande,6
melk,6
josemar,6
gladys,6
ipe,6
tangyan,6
panason,6
cmuir,6
fps,6
raynard,6
ibmadrc,6
data,6
sc,6
toro,6
recordi,6
kran,6
crbot,6
xuxiao,6
rtkit,6
nigell,6
vboxpas,6
HoloBot,6
sal,6
allen,6
taku,6
note,6
ddtddt,6
axi,6
jincao,6
lihui,6
admina,6
git123,6
marlene,6
harvey,6
leonmfs,6
mani,6
cmee,6
lidia,6
chad,6
west,6
tomee,6
cuigj,6
pollo,6
user04,6
vcamapp,6
dalyj,6
albatro,6
ndabezi,6
ernesto,6
biluohu,6
mvasgw,6
world,6
beverly,6
gdmgdm.,6
dumpy,6
ace,6
luigi,6
wangshu,6
eberhar,6
dwdev,6
ai,6
ak,6
ao,6
aq,6
ax,6
wduser,6
sangka,6
ankur,6
slackwa,6
terry,6
mask,6
cafe24,6
chocola,6
testlab,6
tz,6
ftpdata,6
to,6
ti,6
smg,6
foxi,6
adine,6
sang,6
adjust,6
laur,6
wuhao,6
limburg,6
b2b,6
osca,6
beatric,6
phillip,6
morgan,6
santosh,6
registe,6
dashboa,6
signe,6
brix,6
ita,6
ncic,6
angelic,6
vijayar,6
filip,6
isaac,6
susana,6
kaushik,6
bsd1,6
courses,6
corina,6
xia,6
ecommer,6
debby,6
zhushzh,6
human-c,6
peggie,6
tibero,6
jet,6
rakhi,6
jed,6
ciprian,6
consult,6
grace,6
nikolay,6
lidong,6
silverl,6
uplink,6
play,6
priesko,6
golf,6
freight,6
drwssp,6
fctr,6
superst,6
crs,6
bytes,6
crc,6
arya,6
sex,6
sef,6
esadmin,6
yoann,6
mrtg,6
clamav1,6
lasg,6
Ionut,6
yjiang,6
alinus,6
ami,6
xiao,6
vox,6
guang,6
ozzie,6
shclien,6
sydney,6
huey,6
quest,6
Dakota,6
bd,6
bc,6
bm,6
bq,6
santa,6
by,6
stuart,6
intp,6
muki,6
u2,6
yuanh,6
jdavila,6
link,6
josiah,6
erich,6
uu,6
up,6
ul,6
ud,6
uc,6
zhaoyim,6
amandab,6
chaz,6
lucie,6
seng,6
liwang,6
isaiah,6
web15,6
djordan,6
adm1,6
firma,6
lek,6
titanic,6
verdacc,6
rclar,6
babi,6
baby,6
charity,6
brookly,6
emerson,6
martyn,6
npi,6
mathild,6
isaque,6
design1,6
tss3,6
yikong,6
damian,6
omcuser,6
activit,6
lovemba,6
vnc123,6
dhcp,6
kshahee,6
shun,6
dasusr1,6
bai,6
leica,6
wuliao,6
cecil,6
lily,6
dba,6
scottm,6
db2,6
nisa,6
packer,6
ulka,6
utente,6
ramu,6
duckie,6
ll,6
cg,6
cd,6
cy,6
cw,6
firebir,6
unt,6
lgu,6
twigath,6
vh,6
vl,6
vt,6
vw,6
matthew,6
adeline,6
matwork,6
mathml,6
pecheur,6
magnifi,6
anabel,6
efsuser,6
jiayuan,6
iris,6
banco,6
geograp,6
aruncs,6
replica,6
ankesh,6
zheng,6
mozart,6
crete,6
faxadmi,6
quegen,6
porno,6
sogo,6
mdpi,6
nigger,6
eustace,6
zander,6
zyyao,6
chem,6
citicog,6
techsup,6
aki,6
distcac,6
lsfadmi,6
bro,6
yunwei,6
brd,6
raoz,6
irvin,6
eclipse,6
boyce,6
aaaa,6
mpweb,6
arbgirl,6
order,6
srcnet,6
rotzloe,6
richy,6
rocky,6
putty,6
maniac,6
cdoran,6
edencra,6
chipmas,6
uftp123,6
caojian,6
ftpu,6
omegafe,6
marinho,6
aldo,6
hrd,6
rinocen,6
do,6
dk,6
dc,6
dz,6
dq,6
fetchma,6
ema,6
emp,6
mitch,6
ritchy,6
wf,6
wl,6
al3x,6
paradig,6
nabhith,6
remy,6
ais,6
edmar,6
zliu,6
savanna,6
broadca,6
eeeee,6
sakura,6
kyle,6
ts12345,6
thanks,6
s4les,6
teamcit,6
josh,6
stpi,6
deckelm,6
lch,6
purple,6
wangy,6
web4,6
zxvf,6
jacques,6
lois,6
tcpdump,6
bettie,6
weldon,6
crystal,6
NpC,6
archiva,6
archive,6
dacc,6
irma,6
veronic,6
chris12,6
varnish,6
rkassim,6
zhang,6
butthea,6
gun,6
guy,6
revista,6
jrojas,6
plotter,6
rameez,6
graphic,6
cam,6
dmitry,6
chip,6
spo,6
spd,6
odpcach,6
jenifer,6
producc,6
abdi,6
benny,6
vradu,6
drop,6
cstrike,6
en,6
tektron,6
hhhh,6
benites,6
carl,6
lmg,6
castell,6
xo,6
xf,6
xg,6
xd,6
xu,6
wwwroot,6
gertrud,6
fn,6
yjyliu,6
priscil,6
thulani,6
bernd,6
renae,6
ismael,6
sfarris,6
vacatio,6
fepbytr,6
devops1,6
usertes,6
mona,6
beltram,6
carey,6
marty,6
qia,6
goran,6
ruby,6
testman,6
cec,6
openhab,6
naoneo,6
frankie,6
weixina,6
am2,6
cn,6
fuckyou,6
amk,6
naresh,6
amp,6
psw,6
D-Link,6
kaiser,6
garret,6
nms,6
src,6
moria,6
blueeye,6
raph,6
pritesh,6
rechner,6
nero,6
knus,6
geometr,6
you,6
phys,6
mapred,6
fiscal,6
postdro,6
bull,6
zhui,6
ftpimmo,6
maximil,6
louie,6
alphons,6
netstat,6
iraf,6
beothy,6
marilia,6
cathy,6
xrdp,6
zori,6
iulian,6
fredy,6
nina,6
ning,6
imapuse,6
hhy,6
iony,6
rutorre,6
magenta,6
thman,6
azuraca,6
fr,6
fv,6
rudl,6
fl,6
systemp,6
yk,6
yl,6
adrc,6
yr,6
kasey,6
pub,6
labs,6
applica,6
rodre,6
betteti,6
misc,6
buntu,6
banana,6
netzpla,6
norma,6
jamie,6
wyr,6
ste,6
yyiu,6
mickey,6
yeez,6
karl,6
lib,6
lis,6
postgr3,6
liz,6
limingj,6
mobile,6
humbert,6
elconix,6
angie,6
etherea,6
wow,6
gggg,6
engel,6
scanlog,6
mycat,6
mirabel,6
discove,6
empty,6
zouyou,6
klind,6
ado,6
aorban,6
luciana,6
guido,6
shan,6
cezar,6
moby,6
www1,6
lim,6
iolee,6
pentaru,6
puser,6
pierre,6
mmmmm,6
sapling,6
ruo,6
rwp,6
ida,6
nothing,6
yznie,6
evan,6
gr,6
srvadmi,6
go,6
anderso,6
gk,6
aria,6
kwong,6
shiori,6
wave,6
bogota,6
zb,6
zu,6
waldema,6
vega,6
nodecli,6
holger,6
demodem,6
geng,6
chang,6
danger,6
clare,6
jrun,6
hudson,6
tttt,6
priya,6
isar,6
lesley,6
georg,6
monero,6
cloudcl,6
bakerm,6
octavia,6
demon,6
globe,6
sandi,6
ec2,6
special,6
braxton,6
reboot,6
devman,6
ricki,6
route,6
bitch,6
lareta,6
mariana,6
windfox,6
neel,6
capensi,6
karlijn,6
enrique,6
indo,6
rasp,6
boris,6
mgm,6
aiuap,6
shu,6
sshtunn,6
shl,6
testzy,6
langton,6
lue,6
waps,6
sniff,6
johann,6
sara,6
yap,6
git3,6
anke,6
rockdri,6
mech,6
iolanda,6
nouser,6
mbkim,6
misha,6
laurel,6
livia,6
shea,6
shen,6
jlo,6
ridley,6
duo,6
p0stgr3,6
daniele,6
hu,6
marge,6
hb,6
he,6
dmc,6
p0stgre,6
ndoe,6
cloud-u,6
stan,6
howie,6
elsie,6
andre,6
update1,6
captain,6
abrt,6
maryell,6
herbert,6
permit,6
altisli,6
arma,6
oscar,6
merle,6
guest5,6
honey,6
joana,6
helene,6
senthil,6
before,6
zhongho,6
bf1942s,6
hirano,6
rachid,6
ispapps,6
lorena,6
briana,6
oraclep,6
oracled,6
oraclea,6
brock,6
fliruse,6
gyc,6
shekhar,6
hkitc,6
mini,6
caleb,6
mint,6
akbar,6
aliba,6
kunakor,6
dok,6
doc,6
dod,6
mailing,6
probe,6
liza,6
lday,6
bas,6
julies,6
pluto,6
fnd,6
gwen,6
mc2,6
sad,6
mexico,6
ic,6
mouse,6
ig,6
elli,6
ella,6
zoe,6
flopy,6
ops,6
vanessa,6
wwl,6
13579-\,6
orpak,6
banjob,6
dirmngr,6
oracle!,6
epicrou,6
liorder,6
info3,6
justify,6
cmveng,6
phrae,6
tosi,6
safarre,6
frodo,6
mlth,6
telefon,6
nuxeo,6
marko,6
stea,6
maustin,6
clerk,6
cperez,6
box,6
xhwang,6
crobins,6
amelie,6
gsgw,6
portalu,6
sundan,6
maestro,6
lucasb,6
may,6
mad,6
danxin,6
eng,6
switch,6
talk,6
lsx,6
kkw,6
elvira,6
fadl,6
ellery,6
unlock,6
pamela,6
tipobuc,6
guym,6
cjohnso,6
user10,6
penelop,6
eyes,6
altri,6
ts1234,6
guest@1,6
10,6
13,6
ventura,6
ayesha,6
enter,6
nolan,6
rashid,6
tadploe,6
ellyzab,6
gem,6
fql,6
factura,6
kristal,6
jx,6
jy,6
jg,6
comtech,6
jm,6
imh,6
cyndi,6
marc,6
mars,6
taber,6
tibco,6
Waschla,6
coco,6
pas,6
doctor,6
sama,6
horatiu,6
abakus,6
lemon,6
forever,6
markus,6
mhal,6
nico,6
moo,6
adamp,6
mathema,6
garrysm,6
kruspe,6
joao,6
kudosma,6
bessel,6
chloris,6
hplip,6
empresa,6
ctrls,6
lorelei,6
oratest,6
sijo,6
brands,6
dropbox,6
brandt,6
kiuchi,6
PASSWOR,6
anglais,6
alberth,6
gy,6
zero,6
abt,6
vali,6
vala,6
db2user,6
ranger,6
ggg,6
fcweb,6
cmunn,6
devserv,6
wizard,6
mlocate,6
jannine,6
psql,6
yingyin,6
limao,6
km999,6
csm,6
csi,6
bftp,6
hatton,6
ok.,6
22,6
nospam,6
robbie,6
eduscho,6
hari,6
meduza,6
radvd,6
mmi,6
koen,6
jabber,6
eldwin,6
Justin,6
claudin,6
RPM,6
iinstal,6
ka,6
kg,6
ku,6
kx,6
wangzc,6
jinzhen,6
pcgo-ad,6
Immanue,6
sababo,6
ike,6
alor,6
globalf,6
mwang,6
mikeg,6
jacsom,6
cyborg,6
kathi,6
gan,6
whitney,6
sruser,6
mathand,6
ezequie,6
vboxsf,6
cuo,6
jmail,6
hansel,6
suan,6
qwe,6
mirror,6
t7adm,6
saas,6
pratap,6
logchec,6
iskren,6
akama,6
lydie,6
zhr,6
lena,6
splunk,6
itump,6
paps,6
monit,6
tcadmin,6
clement,6
fawad,6
murai,6
cmbc,6
private,6
publish,6
gateway,6
cha,6
rzalesk,6
bike,6
f,6
unreal,6
abcs,6
asdfg,6
stock,6
gentoo,6
romaric,6
la,6
ln,6
dad,6
t3mp,6
samira,6
szpital,6
ts5,6
warner,6
res,6
ren,6
jessica,6
minlon,6
yarn,6
lia,6
jeanmar,6
ryank,6
dutta,6
razvan,6
baochao,6
mic,6
mis,6
melanso,6
vikas,6
mick,6
text,6
hamlet,6
staff,6
team4,6
beau,6
akee,6
ralph,6
yujg,6
ts3bot1,6
web@123,6
rajeev,6
biuro,6
zxcvbnm,6
sclee,6
gong,6
denis,6
muddu,6
newscng,6
zorro,6
fucker,6
center,6
test0,6
emplead,6
adv,6
add,6
kampu,6
xmlrpc,6
shujin,6
bang,6
tmj,6
pepper,6
nathani,6
deepti,6
panel,6
ivory,6
tphan,6
lynn,6
philipp,6
ayub,6
ciuser,6
harriet,6
nair,6
zini,6
xfs,6
auction,6
mantis,6
junewei,6
mediato,6
multicr,6
infoser,6
mo,6
dods,6
mq,6
mz,6
reach,6
dansgua,6
dheeraj,6
lovetur,6
margari,6
gdarkrp,6
life,6
Hille,6
london,6
eugene,6
deploy@,6
horus,6
god,6
chenzhu,6
nagiosn,6
gov,6
hand,6
stacey,6
filecou,6
lbw,6
adhi,6
brandon,6
derek,6
bss,6
hamburg,6
indigo,6
mwells,6
florent,6
florenc,6
wedding,6
plaidho,6
robby,6
nuc,6
felins,6
zbl,6
jcoffey,6
bingo,6
beer,6
deploy2,6
deployd,6
charlie,6
ocean,6
deployp,6
joon,6
oriiz,6
huhao,6
eli,6
0r4cl3,6
xbox,6
rhine,6
booking,6
juliett,6
hsu,6
gretche,6
gis,6
beecho,6
zch,6
nj,6
landon,6
jeevan,6
nr,6
nv,6
phoenix,6
rod,6
rox,6
ucpss,6
plagsca,6
terminf,6
anathan,6
lever,6
pmd,6
ekain,6
water,6
michi,6
micha,6
proftpd,6
athena,6
kwame,6
milady,6
dialer,6
avtoskl,6
antje,6
mgf,6
jshea,6
magasin,6
gerard,6
srv,6
vts,6
youtrac,6
name,6
opera,6
splashm,6
ptech,6
dpn,6
khelms,6
ql,6
yun,6
ZAQ!XSW,6
white,6
hun,6
michell,6
pra,6
reng,6
anu,6
ancel,6
mandrak,6
genevie,6
marilen,6
murai2,6
rosalin,6
raju,6
stacie,6
jetaero,6
tania,6
dekait,6
sirene,6
ftpgues,6
m1n3cra,6
sefora,6
werner,6
dmarc,6
abdul,6
shop1,6
bismark,6
marimo,6
ym,6
good,6
html,6
events,6
status,6
driver,6
facai,6
nn,6
checkfs,6
virusal,6
tip,6
roxana,6
baldwin,6
haresh,6
ny,6
rose,6
melisen,6
jakub,6
qwe1,6
mmy,6
dudley,6
keyston,6
ol,6
of,6
oa,6
or,6
oq,6
amber,6
liferay,6
relic,6
connect,6
cba,6
sqoop,6
acer,6
russel,6
5,6
perry,6
loyd,6
meadow,6
wifi,6
FIELD,6
graham,6
riakcs,6
bdohert,6
sony,6
lillie,6
starclu,6
tec,6
ted,6
jayme,6
israel,6
adminpa,6
vidyadh,6
giga,6
sublink,6
liuliu,6
virna,6
cali,6
postfix,6
lhj,6
stash,6
Linux,6
oseas,6
carmell,6
melisa,6
hunter,6
guo,6
friday,6
dino,6
katya,6
luiz,6
atn,6
digna,6
p@$$wOr,6
ty_admi,6
usr1cv8,6
chinake,6
sherry,6
anderse,6
unsub,6
pdfbox,6
miniqa,6
deadlys,6
nq,6
vincent,6
applgrc,6
jasmin,6
rares,6
webin,6
village,6
sprumml,6
duc,6
pb,6
arpawat,6
arijit,6
kass,6
lilian,6
marias,6
sheng,6
caja,6
pro1,6
range,6
gamma,6
filer,6
root1,6
kamal,6
chester,6
artific,6
mardi,6
eds,6
edy,6
sakshi,6
ustin,6
hamish,6
jhonny,6
WinD3st,6
kris,6
yyyyy,6
camila,6
insanos,6
olivier,6
boavist,6
nelu,6
duci,6
apl,6
oemedic,6
kym,6
red5,6
taf,6
zahid,6
sit,6
kathlee,6
sid,6
itsd,6
abuse,6
martina,6
brettc,6
yinjiye,6
130,6
135,6
glen,6
rupesh,6
waski,6
vcp,6
cosinus,6
horace,6
rudolf,6
valda,6
academi,6
mitha,6
yui,6
ray,6
samboi,6
xbususe,6
backup1,6
fmaster,6
qv,6
qi,6
view,6
apple_s,6
allan,6
swift,6
apt-mir,6
april,6
zeke,6
bbj,6
luqing,6
ranjit,6
bbb,6
ajero,6
angular,6
filippi,6
jader,6
present,6
mosquit,6
orienta,6
valeria,6
redm1ne,6
skz,6
hosts,6
kdh,6
export,6
ndl,6
iceuser,6
pospoin,6
automak,6
apps,6
aleksan,6
kang,6
shane,6
buffy,6
maroon,6
kayten,6
riak,6
rian,6
erica,6
santiag,6
tss,5
dbus,5
nvr_adm,4
ackron,4
lory,4
savaiko,4
dmcserv,4
jessalt,4
pasqual,4
Paul,4
nicules,4
hero,4
jasmine,4
ospite,4
sugs,4
demuji,4
Ionutz,4
reports,4
ziad,4
wahyu,4
riki,4
snipay,4
sk8ter,4
pinguin,4
holy,4
mirek,4
hurt,4
unpack,4
ndaniel,4
jqin,4
LK,4
talita,4
utilisa,4
telma,4
sherloc,4
sylvain,4
wink,4
xj,4
mabel,4
web_adm,4
dementi,4
kumuda,4
gt05,4
hprefor,4
faxserv,4
hidden,4
liganz,4
yasmine,4
yasmina,4
nixie,4
telekom,4
shrieve,4
yckim,4
cftp,4
mdh,4
thelma,4
mason,4
Karri,4
kayla,4
nice,4
unithkd,4
atv,4
abc123!,4
nchpd,4
mingo,4
angelik,4
Muklesr,4
djmax,4
rona,4
kravi,4
qeee,4
aaland,4
genesis,4
hr123,4
snovelo,4
Chicago,4
kohler,4
rudolph,4
prnath,4
hariman,4
susie,4
csilla,4
rsyncd,4
maja,4
thunder,4
iredadm,4
rich,4
meng,4
splian,4
ldo,4
mapsusa,4
123abc,4
bess,4
desenv,4
fujimot,4
logic,4
paxos,4
michele,4
jharwoo,4
mldonke,4
irving,4
cun,4
myrhode,4
koha,4
player,4
apptest,4
marje,4
piotr,4
josed,4
andhi,4
hai,4
ooooo,4
wwwlogs,4
east,4
osman,4
lynne,4
ts3ts3,4
right,4
old,4
ole,4
morgado,4
amuirur,4
dorian,4
ssh2,4
eduard,4
flashli,4
adey,4
csmith,4
emilio,4
tipodir,4
vilma,4
emilie,4
soc,4
mbc,4
creativ,4
sou,4
bpoint,4
ADMIN,4
medieva,4
umountf,4
kasandr,4
b1,4
linux1,4
web-adm,4
acacia,4
cathlee,4
officin,4
devol,4
devon,4
miranda,4
schumac,4
leesw,4
timo,4
iptv@12,4
redis2,4
osm,4
vea,4
instagr,4
darkblu,4
jeison,4
ss3,4
ofbiz,4
vacchac,4
smecher,4
abigael,4
pafcio,4
aghi,4
xtreme,4
bs,4
dodsser,4
avorion,4
lenox,4
bender,4
sharlee,4
sierra,4
zhai,4
berta,4
pawan,4
uuhost,4
dzhang,4
waggone,4
teyubes,4
nsi,4
course,4
torg,4
jia,4
gere,4
abrego,4
config,4
bowling,4
web70,4
irina,4
wolfgan,4
passwdr,4
SYS,4
blu,4
pieter,4
rtkid,4
jemhof,4
one,4
kuan,4
uriel,4
l4d,4
shuai,4
wkicons,4
savant,4
lucene,4
rmsmnt,4
sai,4
sac,4
sau,4
cgred,4
mayer,4
squ1sh,4
axl,4
Systemb,4
lotus,4
palonso,4
ns2,4
lxpopus,4
ogpbot,4
norby,4
krishna,4
aarthun,4
yaser,4
ahmad,4
test_ft,4
mailroo,4
oswald,4
atila,4
`123321,4
vendeg,4
simone1,4
vonderh,4
marvin,4
elijah,4
mana,4
antz,4
olingo,4
konyi,4
vpnguar,4
hercul,4
lidio,4
zhangl,4
photos,4
kimura,4
user05,4
bkup,4
blaz,4
iva,4
fachber,4
ivo,4
canon,4
blaa,4
analyti,4
wilhelm,4
train1,4
damon,4
tari,4
farooqf,4
yseo,4
cforzia,4
summer,4
slime,4
hayley,4
hercsut,4
anacond,4
iuly,4
rszhu,4
regis,4
scorbet,4
dara,4
intel,4
123Admi,4
lucy,4
divine,4
nicola,4
oasys,4
yangj,4
intervi,4
maome,4
cemerge,4
wade,4
seba,4
hex,4
racquel,4
ago,4
giangas,4
concier,4
mich,4
compta,4
october,4
pula,4
xxxxxxx,4
jenni,4
zimeip,4
oracli,4
apisms,4
nikita,4
scp,4
tq,4
Saini,4
tzhang,4
fnet,4
ftpvm,4
labor,4
shania,4
sajid,4
kirkwoo,4
portoca,4
maggie,4
Gnome,4
hast,4
mahagon,4
action,4
sulliva,4
select,4
pearl,4
6,4
cunning,4
testmei,4
pptpd,4
registr,4
autumn,4
xdzhou,4
tju1,4
czerda,4
caja2,4
qmfltmq,4
dolph,4
freyna,4
arojas,4
upload@,4
cluser,4
always,4
dredlor,4
gfa,4
svnrobo,4
to123,4
mdali,4
ftb,4
offline,4
silke,4
elicenz,4
vios,4
florisb,4
guess,4
cmcginn,4
jen,4
aag,4
niklas,4
aan,4
eslab,4
0987654,4
byu123,4
thumbor,4
aldingt,4
kreo,4
mian,4
millice,4
wladis,4
virus,4
barret,4
wilton,4
chicago,4
naomi,4
juju,4
PRECISI,4
lehrans,4
junsuk,4
crp,4
despach,4
claudet,4
inputws,4
jade,4
sec,4
jumam,4
zks,4
colton,4
erreur,4
pdf,4
etri,4
schedul,4
carlo,4
leos,4
fritz,4
jaquila,4
ipcheck,4
pian,4
inc0met,4
exfsys,4
despina,4
enlace,4
tserver,4
vendas,4
finnxt,4
sorinel,4
licaiyu,4
sirvine,4
lxy,4
normalu,4
simo,4
humphre,4
amt,4
ellacoy,4
kennedy,4
manny,4
michiel,4
data2,4
yulia,4
gasiago,4
secvpn,4
kasia,4
bdserve,4
koko,4
bg,4
bw,4
wget,4
bz,4
marin,4
solinux,4
kassia,4
oniyacy,4
server_,4
yac,4
spar,4
tally,4
buttere,4
bueroka,4
barman,4
beau123,4
uw,4
vliauda,4
um,4
uk,4
ue,4
medical,4
db2das1,4
basesys,4
age,4
sui,4
adnane,4
beruf,4
cody,4
cod4,4
cod2,4
cod3,4
udin,4
bsd2,4
try,4
web11,4
udit,4
rack,4
index,4
nevada,4
popeyeC,4
gilles,4
rds,4
casino,4
namote,4
medved,4
buran,4
melina,4
next,4
telepho,4
babs,4
babu,4
box1,4
rajang,4
wilford,4
bent,4
marivic,4
ken123,4
liao123,4
fitz,4
tomato,4
drschwa,4
counter,4
jqsong,4
vchoy,4
khwanju,4
leagsof,4
directo,4
pratigy,4
somsak,4
warren,4
wunderl,4
malaqui,4
jody,4
nada,4
gzuser,4
geert,4
iccha,4
elga,4
persil,4
antigon,4
dcallah,4
koraser,4
buradrc,4
shua,4
shuo,4
shui,4
bjorn,4
kkma,4
QWER123,4
iemerge,4
stars,4
megan,4
dzhu,4
radhara,4
chong,4
roberta,4
dhanush,4
bind,4
amble,4
jonatan,4
prueba0,4
2wsx3ed,4
smolik,4
cjchen,4
cku,4
pruebas,4
wildan,4
diskboo,4
aiken,4
demarin,4
footbal,4
jay,4
hydraap,4
klienco,4
ctakes,4
uno85,4
ananda,4
db1,4
seesbot,4
gking,4
edition,4
Paula,4
nuclear,4
danikar,4
adminit,4
email,4
horia,4
anuel,4
lcarey,4
ifanw,4
kasutaj,4
maggi,4
etc,4
voller,4
webdeva,4
marte,4
httpdus,4
cc,4
ce,4
cx,4
Arhippa,4
VXrepNw,4
c1,4
losneda,4
lz,4
suport,4
maui,4
purchas,4
vf,4
sito,4
pzserve,4
tahir,4
thursda,4
ikea,4
codelyo,4
off,4
dusan,4
audio,4
btsync,4
samir,4
akira,4
kramer,4
emelia,4
wei,4
wes,4
wet,4
verwalt,4
klevesa,4
RedHat,4
monique,4
fuji,4
grafika,4
kun123,4
mhr,4
norisah,4
vss,4
zzzzz,4
murp,4
jaskira,4
betty,4
biology,4
haproxy,4
123asd,4
viviann,4
chrome,4
marylee,4
UMEOX,4
pussy,4
gbeothy,4
luna,4
camden,4
kunishi,4
marci,4
huai,4
Info@12,4
rasello,4
lshield,4
ttttt,4
zarko,4
mopps,4
ink,4
ina,4
gitlog,4
mcc,4
cloudfl,4
achcar,4
sopna,4
abbye,4
elaine,4
zelma,4
adm02,4
lijy,4
callaha,4
csvtrac,4
cmm,4
cmb,4
red,4
sachin,4
hora,4
petru,4
siteadm,4
multitr,4
cyyang,4
michal,4
ako,4
spawn,4
vonzant,4
mitchel,4
trobz,4
glance,4
devpro,4
godfrey,4
sushi,4
yseult,4
debora,4
dingch,4
fanadmi,4
orauat,4
jamal,4
lorelai,4
repos,4
ernste,4
madonna,4
provide,4
rdavids,4
pkangar,4
godzill,4
customs,4
green,4
neto,4
zen,4
permaku,4
_apt,4
gracely,4
spigot,4
hoster,4
sekar,4
amadeus,4
renew,4
intrane,4
bjhlvtn,4
snagg,4
nomis,4
kiwi,4
geena,4
alberg,4
fbase,4
target,4
PPAP,4
rooseve,4
lllll,4
margaux,4
9876543,4
pdnsd,4
clamupd,4
lamont,4
maxime,4
ghici,4
akka,4
reserva,4
reserve,4
wzy,4
aldi,4
gideon,4
ftp0,4
johanna,4
dr,4
emc,4
septemb,4
atul,4
shields,4
wg,4
wd,4
ww,4
ccapp,4
erp123,4
bram,4
mybotus,4
devspar,4
leech,4
zclftp,4
gnu,4
skanner,4
air,4
remi,4
ashton1,4
conf,4
exile,4
Kaisa,4
drweb,4
juniper,4
jiatao,4
yakir,4
hans,4
raiz,4
boyan,4
solaris,4
dokku,4
db_shv,4
gregg,4
serv_fu,4
xbot,4
napoleo,4
night,4
aconnel,4
gtmp,4
Tiny,4
openfir,4
maeder,4
iwizser,4
hanna,4
bahu,4
admissi,4
azra,4
ple,4
hxhtftp,4
amdsa,4
xys,4
xyz,4
waf,4
ronghee,4
isis,4
rpcuser,4
mtm,4
maill,4
tess,4
sbnssb,4
ultranm,4
dulce,4
aesinbo,4
concept,4
08642,4
gigi,4
jvb,4
alana,4
brown,4
sim123,4
vegas,4
gua,4
agencia,4
geek,4
eliza,4
codwaw,4
pluton,4
shared,4
biovita,4
juvenal,4
sparky,4
giles,4
zeliq,4
eko,4
buck,4
versuch,4
trial,4
bkksext,4
omega,4
market,4
fbl,4
angelo,4
subvers,4
asm123,4
bmaina,4
anuncia,4
car,4
caj,4
wanker,4
harleyh,4
spy,4
spa,4
nivaldo,4
cqusers,4
nvivek,4
pqc,4
zxincsa,4
vjohnso,4
aos,4
beehive,4
cole,4
adminst,4
maxwell,4
pupkin,4
not,4
jeni,4
ftp_id,4
january,4
Ulpu,4
magazin,4
eggdrop,4
maisa,4
ej,4
horacio,4
betrieb,4
space,4
argo,4
cara,4
marine,4
ambari,4
mella,4
devonsh,4
lambda,4
zan,4
xa,4
zar,4
webprog,4
carson,4
wanxin,4
desmond,4
frantz,4
courier,4
Ubuntu,4
vishal,4
vishak,4
gnuheal,4
aruntp,4
aurumar,4
keiser,4
trevor,4
usergri,4
amitie,4
sagar,4
abraham,4
spyware,4
nemesis,4
gnax,4
devopsu,4
iesse,4
ircd,4
sascha,4
payara,4
7days,4
Allen,4
promous,4
sunilte,4
jts,4
import,4
zolt,4
tmax,4
zebra12,4
jamesk,4
kommeda,4
amine,4
jamesm,4
SYSDBA,4
lalit,4
elvin,4
rbrown,4
scarab,4
sapdb,4
uupc,4
bian,4
falko,4
barabas,4
gamemas,4
bruwier,4
a11-upd,4
buero,4
taxi,4
prophun,4
metser,4
gracios,4
user_na,4
baikal,4
sheldon,4
blueyes,4
einstei,4
malcolm,4
amo,4
psc,4
psd,4
verner,4
ganesh,4
fhem,4
dnsmasq,4
melquis,4
dinesh,4
ispconf,4
betania,4
awong,4
kaffee,4
raul,4
artin,4
darshan,4
smbprin,4
wolf,4
mandaca,4
wahid,4
ltsp,4
cata,4
ares,4
lou,4
pdey,4
duplici,4
class20,4
fusiona,4
hilo,4
imagosf,4
rafaela,4
adeniyi,4
tempadm,4
pjtas,4
mvts,4
mp3,4
jacolme,4
wms,4
pssadmi,4
syamsul,4
asdqwe1,4
grisell,4
jensen,4
homes,4
mpt,4
vero,4
ysl,4
dwairiu,4
mehaque,4
casual,4
nang,4
kronos,4
rory,4
betyort,4
family,4
asm,4
gaetan,4
lazaro,4
lazare,4
gqh,4
nino,4
praveen,4
paloma,4
planet,4
qbf7710,4
bugs,4
skywalk,4
dream,4
indra,4
ehsan,4
miteq,4
extensi,4
leticia,4
sgyuri,4
IEUser,4
yc,4
yd,4
yx,4
loice,4
system1,4
Acotas,4
uuuuu,4
lab2,4
bngara,4
gennadi,4
marcia,4
demo@12,4
ass,4
asp,4
bass,4
fileser,4
asa,4
dirk,4
asi,4
drupad,4
jarvia,4
bigredb,4
st2,4
salenew,4
flatron,4
arbab,4
jszpila,4
jquery,4
grey,4
ddgrid,4
stp,4
cs16,4
kari,4
lie,4
lil,4
lii,4
dusseld,4
daegu,4
mack,4
otools,4
syal,4
wuchunp,4
stunnel,4
gerrard,4
randy,4
tftpboo,4
ghislai,4
gelu,4
clasic,4
evandro,4
123suru,4
bot5,4
dani,4
adt,4
aquaear,4
danc,4
keaton,4
dizmatt,4
harriso,4
karla,4
unturne,4
kara,4
luciano,4
loop,4
pack,4
listen,4
napapor,4
kwan,4
fedora,4
sham,4
juanang,4
sports,4
hanfl,4
bssh,4
tvms,4
testi,4
alderet,4
jerom,4
rahim,4
haribo,4
revenue,4
waynek,4
marcy,4
ckollin,4
donny,4
activem,4
swpro,4
gracie,4
cremild,4
ntadm,4
Bjarne,4
cgb,4
fnjorog,4
opiabi,4
mazagao,4
btest,4
shiny,4
yositam,4
alison,4
ahlbran,4
fdn,4
dreambo,4
aakra,4
w6suppo,4
bodiese,4
rupert,4
nai,4
titi,4
nao,4
nat,4
forge,4
abarta,4
hanover,4
svk,4
gmp,4
dvs,4
gn,4
gi,4
baron,4
schwern,4
ameen,4
serv_pv,4
nichole,4
kcs,4
ptiehel,4
vittori,4
gretta,4
direkto,4
carter,4
zg,4
zs,4
cele,4
Kristia,4
ozf,4
coduose,4
newyork,4
madelin,4
logout,4
ramses,4
Tarmo,4
fld,4
gene,4
fujita,4
millers,4
buildus,4
hydra,4
frida,4
amalia,4
socket,4
psimiyu,4
salar,4
ericsso,4
henriet,4
vidya,4
ifconfi,4
sonos,4
stormte,4
adamian,4
teaspea,4
fpt,4
ellort,4
nostran,4
prateek,4
ionutz,4
mar,4
ahilara,4
chandle,4
redmap,4
rootaro,4
nishi,4
adaway,4
shree,4
resumes,4
busines,4
praxis,4
adipan1,4
seidel,4
wrapper,4
pavel,4
ionut,4
mariane,4
rso,4
mariano,4
lists,4
huan,4
DUP,4
jlowry,4
si,4
ts3admi,4
fourjs,4
basket,4
montana,4
laurenc,4
mokua,4
strenes,4
cyril,4
adham,4
virgo,4
jcaraca,4
emmet,4
bot4,4
shi,4
dpi,4
cognos,4
voordou,4
piter,4
tena,4
luc,4
marsha,4
luo,4
ken,4
kee,4
merry,4
mongod,4
mindy,4
olga,4
lollipo,4
tuesday,4
clickba,4
aadbo,4
yau,4
yao,4
whisper,4
lavende,4
dvcs,4
simone,4
wks,4
simoni,4
valdema,4
ahren,4
mzd,4
fenix,4
umulus,4
rodriqu,4
ramila,4
candy,4
laxmi,4
page,4
backlog,4
taolide,4
wendi,4
kettle,4
wendy,4
ksrkm,4
pv,4
silby,4
web74,4
raquel,4
yunhui,4
jortiz,4
aguacat,4
daniels,4
daniela,4
north,4
eas,4
hd,4
qbiomed,4
dmu,4
hemant,4
display,4
maura,4
kouno,4
conan,4
diego,4
stas,4
hamoele,4
ssms,4
atu,4
cretzu,4
bcd,4
kevinc,4
simpson,4
kosherd,4
gaowen,4
classro,4
ireneus,4
esc,4
qdemo,4
danny.k,4
sway,4
dorine,4
wescott,4
examen,4
vasu,4
commons,4
vudq,4
berline,4
asif,4
db2f94,4
cheng,4
med,4
mei,4
kyuubi,4
credit,4
yamada,4
hpcadmi,4
anastac,4
anastas,4
flora,4
rio,4
leann,4
akio,4
akin,4
areknet,4
swearer,4
strom,4
octav,4
eliane,4
crmdev,4
mtcoman,4
like,4
SinusBo,4
mcunnin,4
scxu,4
crew,4
viola,4
mxintad,4
muhahah,4
abuse12,4
proteu,4
milan,4
kuai,4
sabnzbd,4
foto,4
clfs,4
vstack,4
canna,4
isp,4
fmw,4
chimist,4
stewart,4
miura,4
jjs,4
agro,4
manchin,4
oracle3,4
cccc,4
paypals,4
faye,4
georges,4
jnzhang,4
coeadrc,4
don,4
dog,4
dos,4
dou,4
vdeskto,4
hellovn,4
SuperUs,4
bar,4
sonnens,4
disco,4
stinger,4
adelin,4
srcuser,4
fluffy,4
tommie,4
juliet,4
01,4
www01,4
applvis,4
omn,4
oms,4
adiah,4
omp,4
kuwayam,4
gwool,4
666666,4
schmett,4
mukesh,4
ovenfre,4
foobar,4
san,4
saedi,4
tiny,4
mcj,4
userpas,4
infoadm,4
cdrom,4
162,4
vikky,4
tang,4
slr,4
miina,4
slb,4
cang,4
iz,4
iq,4
ih,4
gianni,4
bella,4
guiller,4
kit,4
angelhu,4
larissa,4
rupert7,4
mpsingh,4
new_pac,4
left,4
brz,4
take,4
opy,4
dinghao,4
natan,4
linux12,4
yjlo,4
musique,4
leking,4
jupiter,4
Irja,4
varmas,4
tracker,4
jester,4
burt,4
zun,4
IEIeMer,4
prakash,4
jens,4
sergiu,4
info1,4
editor,4
bert,4
batman,4
newreli,4
benlade,4
esteban,4
geremk,4
helga,4
yugoo1,4
fsc,4
navneet,4
abhinav,4
!qaz2ws,4
kmem123,4
evangel,4
unna,4
livecha,4
dis,4
praktik,4
adda,4
shoo,4
esbee,4
bigman,4
harmles,4
boc,4
mpws,4
Matrix,4
ianb,4
agario,4
doris,4
alanoly,4
arief,4
pass@12,4
hamilto,4
ooo,4
apandey,4
igadam,4
flo,4
cellpho,4
manuela,4
pink,4
mas,4
smcgrat,4
helmut,4
mah,4
tapas,4
gatt,4
serge,4
hendi,4
shield,4
innova-,4
apidoc,4
cvsroot,4
maie,4
mpalin,4
akhan,4
ace021,4
main,4
vitor,4
tucker,4
toxic,4
kkk,4
ileana,4
chisto,4
Qq12345,4
jason4,4
chonchi,4
jason1,4
sensor,4
yury,4
43e7523,4
keith,4
orc,4
gamefil,4
first,4
rachel,4
wqa,4
cris,4
bphilli,4
user15,4
Riitta,4
bobc,4
amin,4
tecnica,4
15,4
pegas,4
bashnie,4
mserver,4
ishihar,4
vonda,4
testphp,4
raducu,4
track,4
managem,4
giaou,4
tracy,4
corrie,4
shou,4
adolfo,4
kwon,4
Test,4
zeph,4
feng,4
dice,4
Hertta,4
lorenzo,4
ges,4
phuket,4
minhua,4
yvonne,4
xerxes,4
puma,4
lizabet,4
jz,4
kool,4
jr,4
magno,4
maxadmi,4
tour,4
penrod,4
ruide,4
prasad,4
barry,4
ayanami,4
bljcche,4
rancher,4
vitalin,4
2897,4
marcel,4
pay,4
ehkwon,4
emely,4
pad,4
pai,4
pao,4
db4web,4
postpon,4
fahad,4
stevan,4
mathias,4
ailton,4
4,4
wiseman,4
deepak,4
loraine,4
pos02,4
ventas,4
(OL>,4
testdb,4
ahlvin,4
kms,4
Minecra,4
broker,4
abazari,4
allianc,4
blessed,4
hatokur,4
townsle,4
achter,4
jeferso,4
aksithi,4
liidia,4
multpar,4
simran,4
himansh,4
ronaldo,4
deporte,4
adriann,4
iplanet,4
sampath,4
file,4
eliot,4
clnet,4
field,4
brunhil,4
bcampbe,4
abcde12,4
yv,4
sergei,4
salete,4
sergey,4
winadmi,4
swapnil,4
crimson,4
aplmgr0,4
jsimon,4
polly,4
util,4
angus,4
bideone,4
csgoo,4
gm,4
aba,4
dgavin,4
christe,4
jonah,4
jonas,4
agathe,4
ilaria,4
jazmine,4
testwww,4
pendext,4
logmast,4
varta,4
clara,4
aebi,4
amaina,4
omair,4
dwzeng,4
del,4
nxautom,4
ryan201,4
oficina,4
siret,4
cst,4
costos,4
bkp,4
mariadb,4
dragon,4
dragos,4
extrim,4
muriel,4
import1,4
motorol,4
poxy,4
seafile,4
porte,4
eleanor,4
visitat,4
neeraj@,4
aaUser,4
hara,4
hart,4
vanusa1,4
totallo,4
srikant,4
jacopo,4
manfred,4
edineid,4
yasser,4
mpse,4
zm,4
tot,4
kon,4
mama,4
csvn,4
rbpass,4
lourdes,4
sssss,4
ceph,4
bacula,4
labcorp,4
shelby,4
zp,4
zipcode,4
chary,4
niclas,4
Sanni,4
acklam,4
rushi,4
ronny,4
cnetadm,4
kf,4
kw,4
kz,4
jeanett,4
vrangsa,4
finn,4
zgchen,4
restart,4
aldair,4
lcchen,4
jerrard,4
cubes,4
alon,4
videola,4
point,4
simple,4
ns2c,4
donkey,4
gypsy,4
backend,4
mikey,4
mikem,4
sarma,4
ozrt,4
spb,4
desarro,4
raoul,4
rar,4
aliza,4
italy,4
shugui,4
ewt,4
syd,4
jesica,4
syp,4
seren,4
1oracle,4
keya,4
zhuan,4
globus,4
y,4
zypass,4
sunos,4
Includu,4
sunoj,4
easter,4
bil,4
esets,4
big,4
wangyaf,4
biz,4
bis,4
bip,4
ahmadi,4
publicr,4
back,4
qserv,4
testdum,4
saaf,4
peg,4
constru,4
cpdemo,4
crond,4
usb,4
toku,4
mki,4
lexis,4
mbsetup,4
psanbor,4
ns1,4
wwwmp2s,4
zhu,4
gdesign,4
alumno,4
usr01,4
lyc,4
lyn,4
raissa,4
ritmo,4
papa,4
trac,4
chivalr,4
qian,4
zoey,4
colord,4
lilli,4
chaps,4
random,4
knight,4
joel,4
shock,4
vagner,4
carly,4
lujanka,4
elise,4
edison,4
trackma,4
cmbp,4
kaden,4
sinalco,4
swingby,4
gauthie,4
chi,4
corpcon,4
asalyer,4
chef123,4
billet,4
gettero,4
sqlite,4
afo,4
uegadm,4
afp,4
fran,4
pych,4
ariaan,4
alcione,4
mgeweb,4
cpanelp,4
report,4
meteo,4
ld,4
bridget,4
lu,4
lr,4
dai,4
nathali,4
liezzi,4
l3,4
pivot,4
stud,4
mata,4
math,4
qun,4
laravel,4
bscw,4
transmi,4
justine,4
puppet,4
njabulo,4
monkey,4
skyrix,4
madhule,4
mwkamau,4
specadm,4
devteam,4
claire,4
timi,4
sisi,4
hazen,4
vianney,4
idonia,4
121212,4
ksw,4
Mirkka,4
team1,4
team3,4
wangfei,4
ksg,4
ksh,4
salsohc,4
joanne,4
dotblot,4
eoffice,4
ts3bot3,4
bruna,4
claerti,4
s3ftp,4
Valpuri,4
midnigh,4
123www-,4
jhshin,4
alaric,4
buster,4
cusadmi,4
kriszti,4
angler,4
augusto,4
stalin,4
externe,4
freeman,4
rootkit,4
cjh,4
nf,4
diolind,4
cubie,4
alagamm,4
sets,4
liliana,4
clinic,4
dakota,4
ade,4
ada,4
lextend,4
soft,4
armand,4
varza,4
pumch,4
tom1,4
kisan,4
sdsd,4
kapil,4
ralf,4
esh,4
dengfen,4
lancui,4
host,4
leopold,4
sbin,4
andes,4
dubois,4
rufino,4
termina,4
elision,4
rajan,4
davidm,4
csop,4
davidc,4
wartex,4
seij,4
nadege,4
pia,4
pid,4
kumari,4
cehost,4
phill,4
tssound,4
freeswi,4
qsrv,4
cox-sft,4
jhonath,4
nkinyan,4
chenll,4
findftp,4
mnm,4
ubuntu2,4
vvvvv,4
exchadm,4
blue,4
maurta,4
agarcia,4
ebba,4
kuo,4
incomin,4
disney,4
ubuntuu,4
yangzha,4
yanko,4
lerh,4
schneid,4
spike,4
jurleni,4
xilon,4
ubiqube,4
tampa,4
dimas,4
midwest,4
mv,4
ernest,4
ylikool,4
orion,4
mohan,4
times,4
enh,4
winne,4
ghani,4
enquiri,4
gate,4
cain,4
mschwar,4
Rupesh,4
manju,4
roto,4
ymelda,4
edith,4
saulo,4
chuck,4
rungsit,4
alec,4
mountsy,4
j3t,4
opietri,4
nagiosp,4
hwang,4
got,4
saints1,4
hang,4
nagios4,4
atlbitb,4
auser,4
key,4
english,4
ss2701,4
2wsx#ed,4
inmate,4
tor,4
tool,4
worksta,4
bot 2,4
bridge,4
ible,4
secure,4
greta,4
dcc5570,4
csmp,4
lyly,4
lyle,4
yann,4
agnes,4
Fedora,4
sage,4
ovhuser,4
pkd,4
mharm,4
goga,4
gareth,4
warcraf,4
nur,4
iglesia,4
tressy,4
ailey,4
sarawag,4
sylee,4
ircop,4
protect,4
po7dev,4
alaide,4
portfol,4
mc123,4
legend,4
lazaren,4
abhipal,4
pravi,4
bosstt,4
gtadmin,4
craft,4
itmuser,4
nadya,4
test11,4
rahul,4
liyun,4
raife,4
nike,4
zxczxc,4
elumala,4
darwin%,4
tyson,4
xyzzy,4
dada,4
Managem,4
applcld,4
elf,4
cmxi,4
ruan,4
cad,4
office1,4
willow1,4
qy@123,4
tafadzw,4
orlando,4
jym,4
jyk,4
vreugde,4
donald,4
usher,4
thetys,4
icc,4
kasni,4
kasno,4
core,4
awt,4
iesteba,4
rafi,4
tlwebpa,4
amolah,4
fabiana,4
abeu,4
netscap,4
montani,4
akshay,4
gia,4
aalen,4
inma,4
viva,4
liwl,4
rodica,4
synadmi,4
peres,4
check,4
ni,4
contabl,4
contabi,4
tir,4
pos3,4
cambric,4
ashish,4
ryder,4
yosua,4
rom,4
ron,4
P@$$wOr,4
mariot,4
roz,4
shante,4
cloud_u,4
rot,4
inux,4
callhom,4
brother,4
gajanan,4
yale,4
colin,4
tiburci,4
group1,4
group3,4
sales@1,4
ecc,4
imarks,4
candice,4
fcwg,4
alvarie,4
sw,4
xapolic,4
msi,4
dalia,4
nayala,4
cashier,4
ahluwal,4
wanda,4
appccg,4
simina,4
antoine,4
dev2,4
clinipa,4
xbmc123,4
zxcvbn,4
kroener,4
gorges,4
investo,4
wifin,4
qsvr,4
csf,4
ppb,4
betsabe,4
ronda,4
test_us,4
kacey,4
smtpgua,4
lotto,4
cpotter,4
sunrise,4
hacker,4
keng,4
ildefon,4
nunes,4
cyborg1,4
lucius,4
subzero,4
qn,4
sanchez,4
modtest,4
plexuse,4
iam,4
nelio,4
Debian,4
msimon,4
hub,4
shuan,4
enigma,4
akasaka,4
milton,4
ChaletO,4
bertram,4
adara,4
laureen,4
surf,4
jonatha,4
silvest,4
devcpc,4
kas,4
percy,4
rootadm,4
nadir,4
piranha,4
zwompie,4
arod,4
larsson,4
sso,4
imobili,4
airdami,4
lcap_or,4
youandm,4
testbox,4
com1,4
stanley,4
rochell,4
mti,4
doiserv,4
26,4
swilton,4
santuar,4
steam_c,4
1qaz!QA,4
novita,4
telkom,4
osadrc,4
veeam,4
ssbot,4
pippi,4
parsa,4
assassi,4
couchba,4
persona,4
weed,4
campbel,4
timeclo,4
protege,4
gavin,4
mihaela,4
sudor,4
blow,4
nx,4
sampler,4
apache_,4
avahii,4
avahi-a,4
patrice,4
arrezo,4
aurel,4
garey,4
toker,4
gearman,4
qemu,4
upsourc,4
on,4
oi,4
lancelo,4
tchakwi,4
cmte,4
gunter,4
gnome-i,4
fastweb,4
vicente,4
qwedcxz,4
salome,4
l2ldemo,4
cmt,4
mallory,4
filippo,4
cbs,4
adsl,4
rsrepor,4
igs,4
bmike,4
lowranc,4
wipro,4
kmrczxc,4
achcins,4
timson,4
alm,4
pty,4
joselui,4
jerome,4
program,4
esther,4
song,4
cimeq,4
fal,4
dapper,4
lisi,4
buenave,4
lisl,4
admindb,4
ter,4
sivanan,4
sub,4
sup,4
bootcam,4
kalpesh,4
osilver,4
memcach,4
oam,4
screenc,4
syftp,4
manohar,4
lisa4,4
alberta,4
yongdu,4
tanvir,4
hellen,4
v,4
supreet,4
azur,4
renata,4
sudyka,4
sabine,4
wayan,4
dorms,4
susan,4
adrien,4
guestus,4
logan,4
cyan,4
bhadran,4
fengjia,4
franbel,4
mansour,4
bernade,4
zaleski,4
Samuel,4
laurice,4
cookie,4
randall,4
ulbrech,4
libvirt,4
aaaaa,4
MIMIX_S,4
dareen,4
wls,4
kjacobs,4
lyngdal,4
nian,4
niao,4
adonix,4
uatadmi,4
hotel,4
aleon,4
karol,4
hhxie,4
wilson,4
laury,4
mkamau,4
amal,4
graske,4
amar,4
zaq!xsw,4
artemio,4
rauder,4
vinnie,4
vyduna,4
typo3,4
kendric,4
kinerk,4
alicia,4
him,4
barison,4
sanat,4
lau,4
ari,4
wksys,4
constan,4
sole,4
celine,4
reply,4
sakai,4
keisha,4
pu,4
d3pl0y,4
swg,4
pd,4
pj,4
africa,4
poney,4
georgia,4
tobyliu,4
apipon,4
aaboe,4
sftp_us,4
weiguo,4
demos,4
dsjacob,4
hiwi,4
santos,4
9,4
dispece,4
jkamend,4
abilenk,4
montse,4
afirouz,4
caesar,4
werner1,4
fremont,4
kasa,4
marian,4
worker1,4
nasser,4
1a2b3c,4
marlin,4
ftproot,4
arthur,4
camille,4
prog,4
adonis,4
quercia,4
webbhos,4
mypassw,4
dwight,4
johnh,4
info123,4
fast,4
files,4
john1,4
msh,4
delta,4
wokani,4
honeyri,4
mdomin,4
tomcat2,4
skfur,4
raluca,4
rainbow,4
site02,4
mock,4
dale,4
tomcata,4
medina,4
tomcat@,4
reiner,4
nasa,4
kross,4
rtsolut,4
ieda,4
vladimi,4
prev,4
glavbuh,4
serilda,4
vojin,4
alden,4
tarsys,4
cmsinc,4
rmkim,4
inacia,4
maseko,4
julius,4
claudiu,4
wo,4
cai,4
hinfo,4
can,4
sexy,4
qmaill,4
metra,4
calvin,4
qmailv,4
selby,4
elarson,4
appli,4
Robert,4
goverme,4
droopy,4
fee,4
anwende,4
frog,4
fei,4
bsnl@12,4
heim,4
rabbit,4
relaxtm,4
jjjjj,4
patroy,4
tab,4
odette,4
tal,4
tai,4
bungee,4
six,4
sic,4
msdn,4
lovegak,4
toolcri,4
rcribb,4
martins,4
shippin,4
liukai,4
elia,4
byu,4
juanda,4
dabserv,4
tyler,4
terence,4
adminft,4
iiiii,4
lowki,4
tempser,4
bentley,4
out,4
adamkow,4
banking,4
romain,4
edbserv,4
molly,4
acharya,4
philip,4
xghwzp,4
diomede,4
ytrewq,4
ryley,4
cafeuse,4
quagga,4
michey,4
alfonso,4
kristy,4
sz@123,4
ktuser,4
shashan,4
whg,4
rtvcm,4
dorothe,4
alantur,4
anup,4
asterix,4
piano,4
chipo,4
dkpal,4
silas,4
overvie,4
delgado,4
kodeit,4
qs,4
qu,4
qx,4
sparksv,4
aogola,4
alistai,4
enamour,4
costin,4
cola,4
321123,4
gta,4
qazwsx1,4
renault,4
agustry,4
rodney,4
taryag,4
iemanja,4
ysop,4
chmod,4
cxf,4
bt1944,4
klara,4
nfinity,4
bbs,4
mika,4
phpmyad,4
kimara,4
kuku,4
kyleh,4
ave,4
thor,4
eternum,4
linaro,4
spamtra,4
romeo,4
gast.,4
valerie,4
mediax,4
rocket,4
olimex,4
tcl,4
nou,4
cdarte,4
sterlin,4
ap88,4
hl2dm,4
cpap,4
wmcx,4
jkapkea,4
deepthi,4
bacchus,4
maira,4
absi,4
lance,4
119,4
jeffche,4
tms,4
lilamer,4
mita,4
sqlsrv,4
nadmin,4
automat,4
patrici,4
xrms,4
val,4
yasuda,4
aars,4
var,4
botuser,4
takbir,4
made,4
botpass,4
webacce,4
bathory,4
kathy,4
abbot,4
mya,4
imprime,4
jenna,4
MDFCON,4
voltiii,4
boom,4
nrg,4
june,4
emery,4
sasl,4
napporn,2
sonja,2
four,2
wfser,2
yellon,2
woody,2
elvino,2
hermann,2
samza,2
lora,2
socrate,2
microbu,2
oceane,2
0009998,2
akash,2
elfrida,2
qauser,2
jessus,2
mcftp,2
ipass,2
pawel,2
fossil,2
direcci,2
chughet,2
herb,2
deontae,2
dora,2
roushan,2
momin,2
voorde,2
karin,2
geeah,2
reporte,2
valhall,2
kido,2
alirio,2
haupt,2
qaz123,2
adam123,2
johnnor,2
xtn,2
97,2
moylea,2
mellon,2
kletka,2
amuel,2
fcopera,2
ADMINIS,2
hod,2
cielo,2
ilie,2
travel,2
hot,2
gowclan,2
audi,2
vimanyu,2
jcampbe,2
beauty,2
pwddbo,2
sioux,2
lisanea,2
athomas,2
ptham,2
wind,2
sisrani,2
loring,2
Eleonoo,2
uoa,2
urias,2
enrica,2
ftppas@,2
enrico,2
lillian,2
basti,2
debuf,2
xubuntu,2
luoxi,2
karlben,2
luana,2
ftpuplo,2
Verwalt,2
recepca,2
dminist,2
recepci,2
mdu,2
rw,2
rz,2
re,2
dsj,2
ckobia,2
Pa$$wor,2
jyoti,2
bakani,2
ciuli12,2
homewor,2
lliam,2
melis,2
ttadmin,2
abc123$,2
mi123,2
nigel,2
svaadmi,2
dedrick,2
M3d!aP0,2
caitlyn,2
danish,2
sradido,2
jts3bot,2
jugo,2
Soporte,2
mobaxte,2
uyuy,2
ahmet,2
Ilona,2
daxia,2
nationa,2
trevor1,2
zantis,2
albanda,2
object,2
hui,2
addict,2
letter,2
amiller,2
labteam,2
edeline,2
bomb,2
bonnie,2
temptem,2
priv,2
testusr,2
louisk,2
fstab,2
grit_12,2
haladit,2
funice,2
guy.wat,2
louis1,2
haiduc,2
radius,2
cleo,2
faic,2
cperoot,2
toshi,2
suge,2
euclide,2
debi,2
lynn123,2
tolee,2
lsuarez,2
5201314,2
china,2
job1234,2
h1rnt0t,2
delia,2
mcUser,2
mattp,2
femi,2
kfrankl,2
phyto2,2
jerem,2
fre,2
thomas1,2
akselse,2
vikram,2
zica,2
ariane,2
estudia,2
alcocer,2
evelina,2
magdale,2
caagov,2
imbrogl,2
sooya11,2
wanghai,2
bim,2
147852,2
disproc,2
kaire,2
harmoni,2
wendel,2
godzila,2
lm123,2
asd123,2
alzira1,2
pontiac,2
szpona,2
uno8,2
mmsi,2
fabiop,2
letarte,2
geetha,2
inked,2
sleepy,2
tiscali,2
qqwwee1,2
hax,2
netcool,2
mbot24,2
quira,2
drillyu,2
rshtrad,2
tsukamo,2
swuser,2
vimal,2
jbrown,2
vova,2
qua8GLP,2
progroo,2
smbtest,2
fog,2
annar,2
yoko,2
barthol,2
etc_mai,2
soa,2
yzzhao,2
dni,2
sol,2
chayloc,2
soon,2
device1,2
nf123,2
chenyt,2
tams,2
jang,2
happy,2
bot01,2
dns,2
soyinka,2
_lldpd,2
adlina,2
jenghan,2
joreji,2
kalina,2
inside,2
fieldst,2
janeish,2
moderne,2
ourhome,2
jaimie,2
baku,2
serafim,2
eloa,2
taemspe,2
dlzhu,2
relay,2
zang,2
sysdiag,2
andries,2
abdolla,2
rolo,2
ntop,2
ursula,2
vonache,2
time,2
push,2
uranus1,2
netbss,2
ekamau,2
tibero6,2
abagael,2
mickey1,2
shortcu,2
lothar,2
oframe5,2
oframe6,2
bandit1,2
doku,2
bj@123,2
bbbbb,2
sks,2
gunpree,2
sloboz1,2
paetti,2
sign,2
amslogi,2
davidru,2
tullio,2
somcuri,2
jclark,2
kamran,2
educati,2
current,2
rootroo,2
stittch,2
payftp,2
Emma,2
camel,2
upgrade,2
benson,2
studien,2
dusty,2
MS,2
odol,2
ipd,2
ips,2
eo,2
joette,2
pdumpfs,2
silvano,2
angry,2
1234$#$,2
films,2
maniapl,2
pavlov,2
carus,2
www6tes,2
P4sswor,2
micaela,2
taufiq,2
zhan,2
phoebe,2
logon,2
ailene,2
namrata,2
bronic,2
winter,2
s3,2
s1,2
cscons,2
lidl,2
igibson,2
qt123,2
c&a,2
isauro,2
aamir,2
eucalyp,2
USERID,2
alphabe,2
tty,2
ttn,2
shauney,2
torr,2
sofair,2
voravut,2
outln,2
ftpserv,2
varcass,2
akuo,2
psmaint,2
Sanelma,2
brody,2
ram123,2
kral,2
p2ptest,2
Lotta,2
press12,2
emmalin,2
palini,2
Sirkka,2
imogen,2
Welcome,2
ble,2
bla,2
metrono,2
webline,2
anoop,2
adminag,2
byte,2
lwen,2
marla,2
gordon,2
router,2
nasec,2
rms,2
spanish,2
ont,2
cinstal,2
analy,2
cdvonli,2
uki,2
maintai,2
xenocra,2
cerebro,2
snatch,2
ingres,2
kevin!@,2
remembe,2
dodserv,2
etfile,2
pat123,2
sas,2
buscado,2
sav,2
serials,2
Inf3ct,2
printer,2
oxus,2
godream,2
mate,2
aceofsp,2
123ewq,2
wk@123,2
epolia,2
ohta,2
mc-serv,2
cobra,2
nadira,2
svrinfo,2
xml,2
kshalom,2
cc@123,2
kostmay,2
admin.,2
otis,2
robi,2
kuaibo,2
dhcpx,2
notpaad,2
chiency,2
primo,2
otavia,2
marnia,2
isabel,2
dagamin,2
Sampsa,2
josephi,2
televid,2
tyffany,2
uh,2
kanwarp,2
joby,2
sparc,2
simonef,2
Pass123,2
!QAZXSW,2
curt,2
anto,2
boat,2
carina,2
jaiken,2
anjitha,2
joyko,2
cbrown,2
rack123,2
lanet,2
benoit,2
crc-adm,2
cqschem,2
mscuser,2
tangalo,2
octsr,2
kkkkk,2
ilario,2
ascensi,2
yuvraj,2
Airi,2
worldwa,2
szathma,2
hidden-,2
hxc,2
sybsrj,2
bitbuck,2
yamamot,2
elsceno,2
rubens,2
ABC123,2
hcat123,2
sambaup,2
daicy,2
dicky,2
dark,2
azman,2
ftpprod,2
katrin,2
manas,2
tsunami,2
rachael,2
weng,2
inter,2
chemax,2
yyyy,2
fivem,2
ainscow,2
qupass,2
best,2
ddo,2
suchi,2
sshd;<N,2
aamdal,2
power,2
dustan,2
bianca,2
homekit,2
acs,2
taras,2
charly,2
italia,2
hen,2
jounets,2
yaya,2
agi,2
malaivo,2
wisnu,2
landsca,2
vasant,2
ar,2
montor,2
googs,2
terri,2
miriam,2
alban,2
a1,2
a0,2
rmdbuse,2
casandr,2
natalin,2
sophos,2
produkc,2
adah,2
adan,2
scj,2
QWERTYU,2
visuelc,2
mylo,2
andreea,2
ecastro,2
strand,2
webgues,2
13edc,2
ri,2
natanae,2
pbb,2
kozai,2
zbomc,2
USER,2
teobald,2
resin12,2
web101,2
avenues,2
openmed,2
uuidd,2
hash,2
aherne,2
stan2ts,2
shubham,2
sdjiipt,2
webusr,2
tdas,2
shubhan,2
p455w0r,2
pico,2
wogan,2
adidas,2
vie,2
phonevp,2
suse,2
leahcha,2
eduar,2
mutugui,2
silvi,2
more,2
door,2
company,2
caca,2
compani,2
damien,2
delphin,2
lucina,2
ppioma,2
dwh,2
enuffgr,2
nauthy,2
wwdbo,2
gallon,2
jhall,2
ihome,2
tju2,2
clemenc,2
dionisi,2
france,2
leroy,2
leroi,2
akiko,2
panu,2
pronto,2
gerald,2
upload2,2
lacey,2
radhani,2
susane,2
zhei,2
pmoran,2
inada,2
yangjun,2
subir,2
chandra,2
perfsta,2
chrissi,2
tahiti,2
ernie,2
aebisch,2
cyrus1,2
fs2017,2
Sysop,2
zxcvb,2
ts3-ser,2
valter,2
imre,2
Saila,2
knoppix,2
newligh,2
belmont,2
gennaro,2
ulpiano,2
tkyb,2
spock,2
niang,2
cadasa,2
twserve,2
fastly,2
fabien,2
secdemo,2
bryce,2
obama,2
aab,2
crepin,2
libby,2
glossar,2
nifi,2
psaadm,2
Eemeli,2
krea,2
vtdc,2
blond,2
airopla,2
hgw,2
jacinta,2
ph123,2
exe,2
puja,2
hotelsa,2
pwcadmi,2
ext,2
citroen,2
aliya,2
backspa,2
aringst,2
mohamma,2
beijer,2
elk_use,2
tanulo,2
!!ccdos,2
spamd,2
delissi,2
sunny,2
banner,2
mariael,2
sqpass,2
wwwwww,2
susanna,2
weaver,2
crm,2
admi,2
mtucker,2
lei,2
samplee,2
tristan,2
pfmusr,2
kimberl,2
abdella,2
Lunixx,2
ilog,2
last,2
axfrdns,2
rhianno,2
patty,2
olli,2
NEmHKjT,2
web123,2
gutenbe,2
inforte,2
qmailq,2
rwalter,2
fire,2
Sisko,2
suwen,2
pay_pal,2
formati,2
cpsuser,2
error,2
emecha,2
ranjeet,2
lynetta,2
ams123,2
barney,2
shobo,2
avendor,2
miguel2,2
at@123,2
jchalle,2
yeti,2
gserver,2
alcott,2
ame,2
svennek,2
cloudst,2
aixa,2
lxm,2
mircte,2
thais,2
belen,2
t3stpas,2
belea,2
salva,2
ovwebus,2
mtrade,2
alias12,2
sojack,2
input,2
geminro,2
richie,2
milena,2
data1,2
jian123,2
mmosele,2
bounce,2
goutte,2
@mcbl*M,2
qwe123q,2
sbrown,2
teachme,2
liza123,2
garbage,2
cho,2
pyla,2
bios,2
popa3d,2
server4,2
db2iadm,2
Mari,2
server-,2
atom,2
lewy,2
cib,2
erick,2
uj,2
ub,2
ahvaugh,2
theobol,2
sxf,2
sxh,2
abeler,2
char,2
alari,2
chat,2
chay,2
hospita,2
phantom,2
zewa,2
server0,2
custser,2
lucio,2
@P@sswo,2
datacen,2
regina,2
ryana,2
lang,2
tina123,2
lana,2
rewe,2
hadas,2
walker,2
dstat,2
ilse,2
ataque,2
tyesha,2
nistrat,2
sagemat,2
shajah,2
mdhanse,2
cod1,2
eve,2
jeronim,2
web12,2
reich,2
dockerr,2
adm.,2
tdi,2
dockera,2
croom,2
admanag,2
odc,2
liese,2
krish,2
subhang,2
endrill,2
leu,2
seaneka,2
wkidup,2
ftpacce,2
agosti,2
rde,2
menu,2
skaner,2
titaniu,2
dwsp,2
sgm,2
elodie,2
andreas,2
gregor,2
pepin,2
doudou,2
baba,2
Multi,2
charite,2
boldwin,2
facha,2
capotir,2
karaf,2
clients,2
intekha,2
emech,2
barend,2
cliente,2
moamede,2
ncarpen,2
proceso,2
atir123,2
beng,2
zhuang,2
geraud,2
eclasi,2
tacpro,2
tcsh,2
minecr@,2
ou,2
mjb,2
tomate,2
amilcar,2
Raisa,2
design2,2
bariton,2
sshd1,2
move,2
dn2inst,2
ptsai,2
jodi,2
Matalee,2
lamp,2
ashleig,2
90210,2
gwenyth,2
cust,2
lzt,2
snake,2
bf1942,2
maileh,2
kpn,2
sadler,2
wilma12,2
sion,2
eq123,2
jethro,2
adelia,2
anca123,2
aDmin.1,2
darenn,2
kadmin,2
altair1,2
gmmisdt,2
jinho,2
elykyll,2
Teija,2
trajano,2
abu-xu,2
inainte,2
src_use,2
adornat,2
norton,2
velocit,2
sninene,2
louwg,2
dm123,2
marcili,2
hbcscan,2
erika,2
optimiz,2
muia,2
lachie,2
eryn,2
furnitu,2
kaatjeu,2
quyan,2
lili,2
discret,2
ppppp,2
jtpotat,2
manon,2
kimber,2
bree,2
uniacti,2
szh,2
yftest,2
formbyt,2
kristja,2
szs,2
jal,2
reselle,2
surf@12,2
wolweri,2
tmbecke,2
reis,2
omnisky,2
devhdfc,2
alanies,2
ngit,2
arleigh,2
packet,2
romuald,2
jyroda,2
at12345,2
tonimat,2
taaldag,2
destiny,2
sttest,2
reshma,2
shiva12,2
tfmas,2
pudewel,2
tiptop,2
vernon,2
drug,2
streams,2
tlf,2
Christ,2
cv,2
mailto,2
silvio,2
silvia,2
elmer,2
farah,2
rabe,2
trinity,2
eduarda,2
jindun,2
mallori,2
kalavat,2
rochest,2
wahab,2
ve,2
vv,2
arabell,2
android,2
paulb,2
dayat,2
bali,2
adelina,2
bala,2
faridah,2
robotic,2
heather,2
eLaStIx,2
audit,2
lsftest,2
command,2
nedkweb,2
rthomps,2
rocio,2
1qaz3ed,2
facilit,2
Samuli,2
admin19,2
abbery,2
somebod,2
microso,2
aguirre,2
trenti.,2
akanuma,2
yi123,2
pachai,2
inaldo,2
jolien,2
deso,2
five,2
geekadm,2
jitendr,2
eaugust,2
traxdat,2
shakira,2
testcf,2
tweece,2
maven,2
owa2,2
agostin,2
pundari,2
smritim,2
petern,2
meissen,2
peterd,2
Qic23ra,2
srvbkp,2
recuc,2
gaynor,2
berkly,2
megha,2
lmondon,2
davox,2
volvo,2
ruser,2
Saara,2
yuki,2
inx,2
tsingh,2
ins,2
2015060,2
gruiz,2
iFan,2
wpadmin,2
derrick,2
db02,2
suherma,2
comunic,2
!@#123,2
rex,2
chance,2
mondal,2
nogroup,2
Santeri,2
agrawal,2
karlshu,2
coopera,2
khalid,2
babgh,2
erfurt,2
spen,2
tamarab,2
Rauna,2
ezrena,2
aurora,2
ecgap,2
anirudh,2
aquo,2
cmd,2
PPSNEPL,2
Into,2
cher,2
lriolan,2
@#$%^&*,2
petre,2
carpet,2
festiva,2
kingsle,2
gld,2
reko,2
ake,2
ix,2
tryit,2
morgane,2
adminwe,2
comcast,2
knoll,2
surya,2
paullin,2
advtas,2
ers,2
hali,2
kody,2
gloria,2
india,2
ie,2
ipbb,2
starcra,2
lam,2
lao,2
arcs,2
jalen,2
suinl,2
fotos,2
dumbo,2
customc,2
faiga,2
tegan,2
lindsay,2
coleen,2
qwert,2
w3bm4st,2
Varpu,2
!QAZ@WS,2
fcosta,2
gikatan,2
araceli,2
heike,2
petrell,2
mahern,2
amandin,2
roxy,2
ketav,2
nagesh,2
fcampre,2
teresa1,2
jwinne,2
pulse12,2
tam?re,2
tiao,2
morfeu,2
renee,2
ange,2
ccm-1,2
testsol,2
adriaen,2
alene,2
hilary,2
pascoal,2
halsaf8,2
ace123,2
pc01,2
susi,2
ecquser,2
outeiro,2
ktc,2
ednie,2
lulu,2
dafong,2
dbms,2
virendr,2
xjw,2
park123,2
accessd,2
ebook,2
germana,2
maddy,2
florin2,2
][poiuy,2
aasmund,2
lewis,2
kashyap,2
tino123,2
passpas,2
tadeu,2
elite,2
maeno,2
adomeit,2
hrh,2
ftp3,2
du,2
emf,2
ackers,2
runa,2
415,2
Pa55wor,2
erer,2
cpoggi,2
away,2
lacaja,2
wr,2
kmathie,2
libsys,2
otoniel,2
nordica,2
iravati,2
pbateau,2
ts35,2
enginee,2
pcguest,2
bishe,2
glace,2
olavo,2
bookhij,2
bkpmes,2
yarosh,2
80486,2
tovana,2
vipan12,2
QNX,2
blitzkl,2
hitler1,2
succes,2
samad,2
vogel,2
audrey,2
jonatas,2
po7rte,2
nishant,2
transfi,2
zxiptv,2
nic,2
everett,2
rain,2
nie,2
swsgest,2
tecmint,2
darla,2
kylo,2
taina,2
mid,2
mohamed,2
wright,2
spread,2
geosolu,2
cancri,2
gregf,2
veewee,2
ginnie,2
cape,2
opentsp,2
dimitri,2
japon,2
pos4,2
zcy,2
fachwir,2
navya,2
yohann,2
adalste,2
aeneas,2
julio12,2
peer,2
fermat,2
oe,2
inrpt,2
horizon,2
awharto,2
accepte,2
octopus,2
kundan,2
neria,2
xose,2
egarcia,2
buggalo,2
vospay,2
bhoomi,2
aurelio,2
war,2
lava2,2
admwizz,2
guestpa,2
thamson,2
mtr,2
robinso,2
standor,2
hackett,2
anuchaw,2
adong,2
implusi,2
aleja,2
katina,2
nemes,2
357951,2
jiang12,2
configu,2
bartolo,2
estheti,2
oltu,2
songv,2
paige,2
sandie,2
Public@,2
irene,2
maimone,2
hxhtxft,2
primtsc,2
flash,2
signatu,2
terror,2
alane,2
hannah,2
ctrac,2
kcst,2
snwoked,2
gus,2
nora213,2
ashely,2
fuckoff,2
awsjava,2
kedar,2
testweb,2
biadmin,2
barbie,2
edventu,2
sinus1,2
uniform,2
tplink,2
1010,2
aline,2
kulwind,2
amittal,2
gorge,2
opuser,2
pwrchut,2
korsan,2
hamza,2
f1,2
pfdraci,2
rcmohar,2
super12,2
memuser,2
cat,2
cao,2
hope,2
z1x2c3v,2
ggitau,2
smkatj,2
kpaul12,2
topic,2
grassi,2
sysdba,2
tarun,2
nicoro,2
reseauc,2
osborne,2
produca,2
ghu,2
aalbu,2
nithya,2
adobe1,2
ghm,2
tyrel,2
ownagep,2
ADONIS,2
pf123,2
remi123,2
protoco,2
zaq123w,2
RX,2
3comcso,2
window,2
dstserv,2
edmond,2
half,2
alisa,2
adcox,2
jamey,2
jenh,2
gastfre,2
em,2
ec,2
zaq1xsw,2
citad,2
year,2
wednesd,2
glauco,2
looking,2
albus,2
mada,2
lmx,2
lms,2
lmt,2
card,2
arnaud,2
xk,2
xh,2
xn,2
amit@12,2
vandana,2
xr,2
xaviera,2
luis123,2
apple1,2
oraapex,2
octuser,2
quan,2
alethia,2
ardi,2
wsmp,2
dreifus,2
premier,2
akita,2
recover,2
windsor,2
2wsx#ED,2
engin,2
smhyun,2
mckey,2
avocent,2
wcc,2
wch,2
ipko,2
damiana,2
hxeadm,2
ajiro,2
aasheim,2
anushad,2
imultac,2
bufor,2
bavmk,2
mkanget,2
vtiger,2
sunset,2
mainz,2
samhain,2
gnat,2
aigneis,2
akazawa,2
makabe,2
daam,2
aini,2
oksana,2
siphiwo,2
huaqi,2
com123,2
kpalma,2
levy_a,2
sandok,2
passswo,2
S170Y36,2
sport,2
yktham,2
aksel,2
xerazad,2
os10+ZT,2
whipper,2
notice,2
ullar,2
leanne,2
yumi,2
madhu,2
azuread,2
javier,2
mono,2
jamese,2
vuk,2
moni,2
beltrao,2
nils,2
residen,2
matsumu,2
damar,2
adixix,2
srss,2
adkins,2
sken,2
devmgr,2
lkjpoi,2
ravi@12,2
Sales@1,2
koenraa,2
henk,2
hartnet,2
masanpa,2
harish,2
ceo,2
shit,2
util1,2
jirka,2
teran,2
tli,2
kasch,2
saveril,2
ccp,2
tarala,2
forest,2
ninja,2
speed,2
tercio,2
flood,2
symop,2
leegh,2
versa,2
kramlad,2
real,2
web78p1,2
tsmuse,2
psb,2
selma,2
katana,2
amd,2
diaco,2
psy,2
weixin1,2
steamsr,2
cfabllc,2
worksho,2
papoose,2
steamse,2
chefdev,2
rakuya,2
mluca,2
abucevi,2
wiganwo,2
xten,2
esfahan,2
asam,2
asai,2
rodolfo,2
tsuser,2
sri,2
struts2,2
chou,2
reggell,2
diskles,2
aree,2
cath,2
lol,2
start,2
dtsp,2
cybaek,2
aelius,2
podcast,2
minna,2
odete,2
lubuntu,2
so360,2
todd,2
archan,2
adilah,2
nera,2
3lch3,2
fogasyo,2
witchup,2
vickie,2
yoa,2
caltech,2
lounett,2
Vappu,2
kafka12,2
suresh,2
GardenU,2
tokend,2
SYSTEM,2
corey,2
carlin,2
shantan,2
aplusbi,2
vusa,2
titi123,2
correo,2
angga,2
mprima,2
eigenhe,2
chueler,2
griffin,2
barrica,2
zzh,2
agylis,2
0okmnji,2
foster,2
gmike,2
nodes,2
rober,2
wan123,2
multi3,2
gayle,2
nitesh,2
laci,2
adoraci,2
jedy,2
maritim,2
nana,2
aile,2
franzis,2
jo?o,2
anordnu,2
reena,2
mdmc,2
aricia,2
@1,2
kexeswa,2
webcal0,2
jrs,2
geidy,2
ahobala,2
mirna,2
bejgli,2
dcswei,2
marks,2
broke,2
9022,2
abrar,2
tijmerd,2
chetan,2
jinkgun,2
sysAdmi,2
SC,2
stepan,2
f2,2
alba,2
sdnuser,2
hha,2
archana,2
P@55wOr,2
istian,2
watanab,2
lithia,2
kung,2
fp,2
fj,2
ulrika,2
Sweex,2
nsapril,2
egi,2
hsqldb,2
ipul,2
spectru,2
manish@,2
maffiaw,2
ventril,2
rx123,2
curtis,2
ssss,2
yp,2
bryan,2
sameer,2
vodapho,2
sambit,2
tensor,2
dir1,2
nanou,2
jawa,2
event,2
eladio,2
marcin,2
rowenta,2
ssh-use,2
safety,2
ase,2
ash,2
steamus,2
novembe,2
lavinia,2
xiang,2
manjaro,2
esau,2
gemss,2
banane,2
zmss,2
dti,2
jarvis,2
stu,2
stx,2
Elisa,2
ragnaro,2
cvcv,2
jansi,2
lablab,2
testpc,2
lin,2
giselle,2
kab,2
vigyan,2
Chief,2
kav,2
atendim,2
User2,2
syam,2
jesuino,2
vahati,2
physics,2
diogo,2
snjugun,2
alanis,2
autoarb,2
kaleb,2
justice,2
eddie12,2
fcwest,2
darwin,2
renaud,2
hy123,2
akkerma,2
abas,2
yocona,2
jmurphy,2
culture,2
taurai,2
close,2
langami,2
won,2
lturpin,2
preche,2
hotkey,2
emsm,2
buzz,2
jkamand,2
vail123,2
jct_acc,2
zhangya,2
twofirs,2
dattesh,2
stamm,2
cmschef,2
0000,2
tracie,2
redioac,2
pacs,2
wyatt,2
krissu,2
adamich,2
vgorder,2
pragmax,2
geffrey,2
ready,2
grant,2
nvp,2
wwww,2
permlin,2
albano,2
1qaz!qa,2
shah,2
dima,2
Woodmer,2
jour,2
souda,2
skan,2
faisal,2
iqbal,2
taiwan,2
aarslan,2
kolab,2
lingan1,2
awillia,2
jtrejo,2
tihanyi,2
maeva,2
march,2
marck,2
game,2
amark,2
amara,2
chat2b,2
vozdeck,2
shirrel,2
elomboy,2
lipo,2
decembe,2
exec,2
AMD,2
jacek,2
slash,2
run,2
jbox,2
infra,2
ordcomm,2
lakeg,2
jihye,2
faraim,2
conrad,2
kmiko,2
bgr,2
omsagen,2
QWE#@!,2
carlton,2
kaz,2
perl,2
dwayne,2
mail01,2
lucike,2
segrete,2
duena,2
myworki,2
fangyua,2
masanta,2
uta,2
fdl,2
uts,2
politie,2
rowland,2
jc3serv,2
810278,2
mj123,2
apeitpa,2
josh123,2
kayden,2
metneak,2
potsdam,2
ltgame,2
kharper,2
frances,2
club123,2
youtube,2
svc,2
ranjit1,2
dvr,2
qu123,2
modem,2
psycho,2
dp123,2
rhonda,2
aric,2
arif,2
arie,2
afton,2
g1,2
kitty,2
confixx,2
tsroot,2
choopa,2
no-repl,2
zv,2
konwicz,2
vampire,2
akahori,2
valet,2
assompt,2
gbase,2
cveks,2
ozp,2
valefor,2
tipohol,2
alysha,2
hemamda,2
manage,2
dhcpd,2
kristia,2
oktober,2
belgian,2
ftp@123,2
arne,2
t3amsp3,2
macinto,2
ec123,2
uitland,2
okastan,2
shoppiz,2
sudo,2
radware,2
galery,2
marusza,2
Kaappo,2
cuan,2
talam,2
muie123,2
annlis,2
marton,2
junossp,2
agenda,2
msilva,2
wosch,2
soutec,2
sabhara,2
master1,2
aptprox,2
hudpro,2
0894159,2
folkert,2
gitosis,2
1990,2
bibliot,2
softcon,2
marugg,2
webdown,2
front,2
hiepls,2
pv@123,2
masterp,2
advanta,2
slide,2
senpai,2
alesso,2
qo123,2
hlw,2
snd,2
desdev,2
citrix,2
tatjana,2
OCS,2
xoadmin,2
hlb,2
bf2,2
yopless,2
hps,2
calin,2
aavatsm,2
mashad,2
winer,2
w3maste,2
sinus12,2
yona,2
list1,2
mrdrum,2
tmuser,2
attach,2
rushike,2
stress,2
taksaka,2
bea,2
alecia,2
bertha,2
jalanhi,2
vasktec,2
lmadmin,2
alisia,2
ewald,2
vertica,2
luisa,2
edrip,2
aws,2
drkamal,2
pyg,2
indu,2
pbcte,2
url,2
laurenz,2
train10,2
hortens,2
KBF1,2
rajat,2
parker,2
glauco1,2
hadi,2
kraft,2
perla,2
probenc,2
vtcbike,2
rdmsrv,2
ADMN,2
eventma,2
Aarre,2
popuser,2
lsk,2
buyer,2
gray,2
Tehmas8,2
jash,2
tunel,2
todus,2
she,2
ackaouy,2
botadd,2
jacob12,2
shake,2
cachema,2
Raino,2
rupashr,2
Raine,2
symante,2
luv,2
teng,2
umbelin,2
leyla,2
mazzell,2
kei,2
avid,2
mago,2
userweb,2
appman,2
afzadi,2
cleopat,2
vlpass,2
jlyt,2
sari,2
julieju,2
dtacpla,2
ahino,2
yan,2
nicolet,2
test2te,2
git2,2
romina,2
natcher,2
kavo,2
salman,2
gold123,2
s-cbock,2
propami,2
sonicwa,2
t34mspe,2
cotiza,2
adm!n,2
akima,2
abrahem,2
philip1,2
bhaskar,2
spree,2
liwei,2
mbrown,2
akarste,2
mecs,2
ccserve,2
restore,2
nataraj,2
mdom1,2
partha,2
orlanth,2
jonas12,2
edata,2
sonic,2
sonia,2
ggutier,2
utah,2
I2KPwdI,2
munich,2
liviu,2
darkman,2
kaiju,2
adabas,2
ring,2
roth,2
canda,2
dreampi,2
kamatar,2
shei,2
motive,2
contin,2
arma3sy,2
qzhao,2
kelly12,2
yuvraj@,2
e-mail,2
apaone,2
pbsdata,2
venkat,2
dui,2
mogipac,2
reza,2
myron,2
david12,2
yuvraj1,2
praful,2
pooja,2
lembi,2
unbreak,2
photogr,2
1Q2W3E4,2
geesoo,2
h1,2
backupf,2
dcjiang,2
abiko,2
abike,2
inokent,2
boserve,2
PMA,2
spoj0,2
print20,2
hv,2
xerox,2
kandy,2
Hilppa,2
dms,2
dmz,2
villepi,2
contest,2
mscott,2
meteor,2
chemist,2
Scydswr,2
esearch,2
star,2
pvkii,2
delfim,2
smallbu,2
urbanka,2
stal,2
monast_,2
webb666,2
compnf,2
ekalavy,2
aiden,2
rasplex,2
prp13,2
was123,2
de123,2
cxwh,2
darora,2
montoya,2
db2adm,2
laurele,2
force,2
vppass,2
vollmay,2
tameka,2
nen,2
nei,2
asia,2
aish,2
ossie,2
mel,2
men,2
testapp,2
qqqqq,2
sjs,2
tomesek,2
guide,2
vukovic,2
mercat,2
immig,2
openspi,2
morag,2
araniqu,2
army,2
helmuth,2
yura,2
newworl,2
call,2
ceilome,2
lcadmin,2
guest4,2
ward,2
kumar,2
rool,2
stepfen,2
akim,2
barberr,2
P455wor,2
davalan,2
allotes,2
correow,2
dncin,2
igor123,2
phpagi,2
imageus,2
iloveyo,2
kiyama,2
abdesle,2
ENGFO,2
drughut,2
endbenu,2
caixa,2
operati,2
javira,2
Matti,2
fifi,2
diddy,2
bart123,2
helenl,2
famille,2
,,2
giter,2
anil,2
123root,2
ernesti,2
lorene,2
cassian,2
aguzzi,2
luci,2
bone,2
dewi,2
nivarra,2
domenik,2
ratafia,2
zjyu,2
unbound,2
tq123,2
Server5,2
Server2,2
recuc@1,2
ziyuan,2
werksta,2
igkim,2
ciserve,2
shaggy,2
sunshin,2
nasshar,2
rakasam,2
isk,2
loul,2
c06,2
a1s2d3f,2
hood,2
a3l,2
vitoria,2
sometim,2
kiwiirc,2
adrene,2
sysbin,2
abril,2
oracle5,2
bsserve,2
gtekaut,2
athos,2
suman,2
sakaida,2
login12,2
matteo,2
mreal,2
stackat,2
mina,2
do.,2
ricoh,2
sleeper,2
ulrick,2
hgfdsa,2
vinodh,2
tye,2
abello,2
lupillo,2
ts3jc,2
marif,2
romulo,2
doi,2
dom,2
ahart,2
drricar,2
proba,2
Huawei,2
abstain,2
folder,2
hjz,2
adeliz,2
trineeh,2
bad,2
fokus,2
alborno,2
actadm,2
02,2
07,2
04,2
confrm,2
08,2
ogp_age,2
manolo,2
ubnt1,2
omu,2
qlserve,2
unu,2
casimir,2
tamaich,2
hiren,2
quinn,2
pintura,2
mathieu,2
three,2
wilsonc,2
basic,2
lovely,2
fuad,2
test321,2
chuo,2
agoncil,2
chui,2
osni,2
Aarni,2
mcs,2
rebeca,2
lionel,2
kishori,2
sly,2
slu,2
grupo1,2
slj,2
avahi,2
seven,2
testxp,2
csaba,2
make,2
nardin,2
123546,2
fog123,2
kip,2
elle,2
albino,2
canecal,2
presta,2
neptune,2
Sonja,2
romunde,2
od123,2
unix123,2
pandora,2
roma,2
sitadmi,2
fpzsgro,2
tadmin,2
anders,2
losavio,2
Eemil,2
venda,2
fxpass,2
alasdai,2
royal,2
jules,2
agily,2
qscand,2
abheryd,2
dreams,2
rundeck,2
birgit,2
s0931,2
adlai,2
iwizapp,2
jarod,2
toyota,2
dead,2
Mielikk,2
ccccc,2
204,2
min!@#$,2
aaaaaa,2
mtlnigh,2
wuzhuop,2
wwwrun1,2
marifer,2
agnetti,2
zub,2
webrun,2
farrell,2
bukkit,2
sergio,2
slurm,2
asd!@#,2
remi_ex,2
anicom,2
fork,2
cxsdk,2
kegreis,2
knowedg,2
oidentd,2
zary,2
xwp,2
aisha,2
takahas,2
eliott,2
cosmos,2
delete,2
abbadi,2
ONTUSER,2
zeng,2
jsmith,2
stanfor,2
tose,2
volpato,2
geobox,2
alaraby,2
chendri,2
qinbo,2
coronad,2
fse,2
madssen,2
Basisk,2
radmin,2
comerce,2
123libr,2
anadir,2
milo,2
mill,2
skid,2
markb,2
markm,2
burnout,2
spbot,2
tyoung,2
amazo,2
jubilat,2
arma2,2
git1234,2
shahary,2
flapart,2
Where,2
halflif,2
Plainfi,2
web-ang,2
mark1,2
kvaerne,2
kynaa12,2
yutso,2
mtch,2
maslogo,2
villa,2
xmodem,2
lixu,2
kalesha,2
Mailis,2
Stephen,2
magraf,2
rahul1,2
addm,2
nwes,2
cndunda,2
agosto,2
helio,2
ircd123,2
derik,2
zombie,2
netdev,2
brugern,2
noccnt,2
jfbrard,2
catxxx,2
ailina,2
hotels,2
herodes,2
!qaz@ws,2
aries,2
Passwd1,2
dc++,2
compta1,2
malay,2
amelia,2
metal-f,2
comptab,2
dante12,2
wallet,2
ulf,2
shino,2
akihiro,2
ger,2
edna,2
reynold,2
fuck,2
agent,2
sample,2
konrad,2
adrain,2
behrman,2
p7a1VIa,2
muhamma,2
jeevank,2
schopen,2
map,2
sobalan,2
caratvo,2
maf,2
gh-serv,2
emerya,2
123qwe@,2
myndy,2
godbole,2
neide,2
omer,2
ayden,2
goryus,2
lsj,2
jess,2
police,2
maia,2
maik,2
killer,2
agivox,2
jason3,2
rock,2
admon,2
p4sSw0r,2
fztest,2
alessio,2
jesse@1,2
Ken,2
jackson,2
stany,2
stupid,2
stefani,2
jwilson,2
iacovel,2
www-use,2
mailhos,2
spier,2
ackley,2
ajay@12,2
armin,2
hipolit,2
yanyang,2
techadm,2
carry,2
zs4,2
1p,2
arch,2
Levi,2
roseann,2
schuler,2
MC,2
bobi,2
vps01,2
hillary,2
Mintel2,2
anuj,2
domin,2
cmdb,2
14,2
19,2
tecnico,2
Marika,2
privoxy,2
pnjeri,2
svnroot,2
adele,2
webseca,2
aufstel,2
Frederi,2
bailey,2
erp1,2
erp2,2
beta,2
beth,2
ctsv,2
refunds,2
wurzels,2
jl123,2
show,2
campani,2
tpimuse,2
aguisti,2
rrashid,2
stormy,2
ftest,2
helix,2
lorenza,2
annamar,2
tripti,2
gei,2
todds,2
medias,2
miles,2
hbacous,2
storwat,2
rajasek,2
sean,2
sapr3,2
testcar,2
aldanon,2
liubov,2
prios,2
natasa,2
Silva,2
augusti,2
starmad,2
arcades,2
jayesh.,2
hattori,2
mara,2
priyank,2
vmaloba,2
miqueas,2
marisa,2
squash,2
alimov,2
bmw,2
rugby,2
sound,2
kappa,2
hdd,2
alva,2
fg123,2
noel,2
middle,2
linktec,2
lava,2
lucian,2
bage,2
samw,2
pam,2
pan,2
delhi7,2
0123456,2
newbrea,2
gtx,2
Kingsto,2
todd.,2
Njoseg,2
jdoe,2
mastach,2
adam1,2
Senja,2
shengye,2
amerino,2
cyrille,2
fordcom,2
mon,2
mpsoc,2
arash,2
aida,2
adams,2
lighttp,2
fcube,2
adame,2
PRODDTA,2
joshka,2
pichu,2
lotte,2
qiang,2
cpunks,2
hermine,2
ldapuse,2
osneide,2
pascual,2
ferdina,2
scarba,2
Maildir,2
zaky,2
aircop,2
staff2,2
Elisabe,2
yyu,2
coupon,2
ilanthi,2
mjuma,2
emserve,2
taysa,2
suzuki,2
ronald1,2
alameda,2
cxzdsae,2
change,2
devdev,2
klaus12,2
gorilut,2
vtpiuoa,2
carpe,2
deep,2
cmsuser,2
navette,2
qnlkOF2,2
magicsp,2
zelda,2
888888,2
msfuser,2
brandi,2
aster,2
qv123,2
brandy,2
sunsun,2
dsfdhjl,2
Abbevil,2
sunu,2
cmschin,2
liao,2
opsview,2
wunder,2
alberts,2
xbnet_b,2
ccradio,2
litwina,2
lzhang,2
adimari,2
ossec,2
bestin,2
gg,2
csgosze,2
revan,2
studen,2
2oo7,2
mantico,2
yessica,2
notused,2
plugins,2
raamatu,2
kate,2
abu,2
csgo1,2
dyndns,2
xqxq,2
stella,2
linas,2
adminna,2
eggbrea,2
53cur17,2
webdesi,2
eye,2
mickael,2
rootdb,2
anselmo,2
mozilla,2
lemanca,2
tycenni,2
brightm,2
aris,2
brightc,2
cniac,2
asdfgh,2
houx,2
tpuser,2
1234asd,2
kkamja,2
gmodttt,2
horst,2
steffi,2
cse,2
smsd,2
csc,2
rapport,2
ucnp,2
n3os,2
csr,2
kongxia,2
hhchen,2
confere,2
alps,2
deusdet,2
smile12,2
jstwo,2
sshtest,2
leocadi,2
ewillia,2
dougg,2
08642`,2
henkpau,2
latw,2
23,2
pcr,2
jesebel,2
inspur,2
pend,2
edmund,2
mandy,2
onsadm,2
wally,2
plaunof,2
token,2
energo1,2
jmeter,2
callum,2
house,2
tiffany,2
weburl,2
kamal1,2
katrina,2
aman@12,2
energo,2
flavio,2
rwyzyki,2
ipcuser,2
quincy,2
guestgu,2
Mira,2
dallen,2
0101,2
mmk,2
i2pd,2
Web2Acc,2
mvts123,2
jdkim,2
EWdude,2
desire1,2
assise,2
elbe,2
razor,2
elba,2
jetty,2
186,2
vishalj,2
d3mo,2
kot,2
susuki,2
kailey,2
park,2
nrloure,2
dddd,2
satish,2
vetye,2
grigor,2
costi,2
lists12,2
ebaysal,2
acsite,2
agen,2
madelei,2
pom,2
user001,2
rdillio,2
keiffen,2
dixita,2
chara,2
kb,2
ko,2
kl,2
science,2
infokom,2
tamasha,2
elisang,2
wangzy,2
jordan1,2
jared,2
natraj,2
choco,2
headmas,2
money,2
luky,2
bao,2
funnybu,2
suzie,2
husen,2
resolve,2
g2c1a4c,2
qwe321,2
YgqxUVO,2
remove,2
garcia,2
123@abc,2
marzieh,2
orca,2
m1122,2
mind,2
ganga,2
lion,2
argenti,2
nuucp,2
brynn,2
oracach,2
moodle,2
sigit,2
tibaldi,2
alok,2
xtrem,2
foreign,2
afar,2
osbourn,2
dancer,2
2569,2
miket,2
mikeb,2
ansari,2
gas,2
akhshay,2
aileen,2
tadanor,2
netdiag,2
rau,2
,mnbvcx,2
hauptin,2
sekhar,2
qmaild,2
Ctek,2
monroe,2
ty@123,2
neutron,2
archiv,2
sym,2
damasce,2
doreen,2
howe,2
hnhn,2
gena,2
hexin,2
gerenci,2
atomic,2
jobsubm,2
calistr,2
treino,2
cue,2
cuc,2
osbash,2
hotorga,2
tabris,2
zorin,2
matterm,2
ubnt!@#,2
monika,2
rajev,2
rider,2
flux,2
01zzzzx,2
devthin,2
unsubsc,2
aktuna,2
rostami,2
masunag,2
3698521,2
irfan,2
apoio,2
maroniq,2
alar,2
lumiere,2
arjun12,2
huangjm,2
irenee,2
PlatNek,2
mailer1,2
nevali,2
stevey,2
adfexc,2
daisha,2
smakena,2
dyotani,2
fagan,2
stevef,2
telegra,2
mkt,2
aivar,2
invite,2
murphy,2
boys,2
clerezz,2
calice,2
serin,2
halbpix,2
adair,2
zhz,2
gavril,2
logview,2
zha,2
zhi,2
jhughes,2
koln,2
single,2
sriniva,2
staffc,2
lyb,2
weboper,2
len4ik,2
truus,2
kirk,2
mweb,2
leni,2
jmuser,2
knarr,2
abidin,2
stortor,2
wangtao,2
firesid,2
fasion,2
ctupu,2
ntpupda,2
qiao,2
magdebu,2
penis,2
cod4srv,2
compose,2
documen,2
germain,2
Ernesti,2
bmatema,2
lilly,2
fabrizi,2
kraber,2
vlc,2
sabin,2
hardya,2
alese,2
nairb,2
nanyou,2
fbackup,2
kutger,2
vmware,2
bdadmin,2
www-ssl,2
swadmin,2
amavisd,2
cmbi,2
darklig,2
estape,2
zandraw,2
Tahvo,2
bodo,2
ashlyn,2
1233211,2
Vesa,2
conceic,2
piyush,2
csap1,2
gjrhjd,2
FB,2
democra,2
yonatan,2
bethb,2
iepass,2
cache12,2
tancred,2
payne,2
hq123,2
w6admin,2
alix,2
employe,2
biotop,2
tac,2
readwri,2
regiona,2
miner-n,2
nipa,2
gcs,2
batt123,2
danton,2
ftp-,2
suse-nc,2
binh,2
kuang,2
workpre,2
cardini,2
primana,2
asdf123,2
grayson,2
thefore,2
galaxy,2
deng123,2
acres,2
tst,2
dag,2
dal,2
dam,2
dao,2
bernhar,2
kid,2
dax,2
day,2
pydio,2
arlene,2
morris,2
l2,2
ajenti,2
ts6,2
ts7,2
dixie,2
bnjorog,2
aicumin,2
tereluz,2
dragost,2
MANAGER,2
rec,2
rea,2
reg,2
mati,2
payroll,2
insurge,2
coen,2
que,2
marcell,2
wakaski,2
budha,2
bologne,2
openadm,2
agniesz,2
whoopsi,2
theoris,2
octaviu,2
Duck,2
talhily,2
P455wOr,2
troquel,2
tomasi,2
tomaso,2
aladdin,2
mie,2
endangs,2
procure,2
dbagent,2
eight,2
unmesh,2
herman,2
pantale,2
lutero,2
skinny,2
escaner,2
gattai,2
anjana,2
jbkim,2
rotoki,2
VNC,2
ksy,2
ksb,2
jairito,2
aker,2
tui,2
lokesh,2
MBbRB95,2
guilher,2
saravan,2
sysa,2
guinevr,2
AX7lr,2
akerjor,2
paster,2
gibson,2
ponfly,2
maynard,2
feedbac,2
cyberbd,2
ts3bot5,2
Islandi,2
eprcuse,2
mc2serv,2
tobias,2
zhanghu,2
aronne,2
andyand,2
voxilit,2
janek,2
selena,2
master4,2
mysql-t,2
joko,2
1qazse4,2
ejacque,2
l3tm31n,2
iamh4ck,2
Xerces,2
ohh,2
darren,2
nellie,2
fwong,2
epicor,2
ferran,2
laraht1,2
kondor,2
xt4a9z,2
bula,2
homer,2
jmcginl,2
4321qaz,2
jinshen,2
shuihaw,2
augusta,2
agas,2
externa,2
lemesan,2
vitoque,2
P@ssw9r,2
virl,2
huesped,2
oracol1,2
Jukka,2
cjc,2
auto,2
osias,2
acira,2
hostnam,2
homesca,2
ios,2
fynngo,2
lakshmi,2
jayden,2
sslwrap,2
retard,2
builder,2
antonio,2
wyf,2
liuyr,2
kobayas,2
wandojo,2
irmserv,2
gmi,2
dpisklo,2
saturni,2
dalia12,2
adh,2
adi,2
icache,2
kistele,2
atkchan,2
testb,2
klod,2
gmt,2
solms,2
suraj,2
srudent,2
padmin,2
inocenc,2
est,2
masterc,2
ralp,2
marui,2
bcunnin,2
dcc,2
terra,2
harvard,2
SteamCM,2
tomi,2
pswd,2
kiacobu,2
ltenti,2
1admini,2
auxilia,2
1983,2
1988,2
smkwon,2
joaquin,2
rodger,2
emplaza,2
tartaul,2
bud,2
asnur,2
tasatje,2
turnkey,2
Ilmatar,2
pil,2
pin,2
pie,2
kmfunyi,2
monter,2
joop,2
annulee,2
manlio,2
notific,2
patsy,2
Mainio,2
mahesh,2
ubu,2
semik,2
bookkee,2
baker,2
pilar,2
bb123,2
cvs1,2
sveta,2
hath,2
kvernev,2
tibi,2
nimda32,2
geraldi,2
iitd,2
bobprin,2
Home@12,2
llgadmi,2
rise,2
GE,2
rendhy,2
desploy,2
alblas,2
intro1,2
ubuntu7,2
betsy,2
matheus,2
ubuntu8,2
jerusa,2
taigab,2
login15,2
mxuser,2
dggim,2
ubuntu.,2
rishi,2
multiro,2
exsoldi,2
christ,2
bluw,2
kui,2
chrisf,2
b4rr4nq,2
qiu123,2
zack,2
autorou,2
ubuntus,2
cinzia,2
1qaz,2
tsai,2
c-comat,2
changet,2
sloane,2
ltgit,2
jfeng,2
ebony,2
oem_adm,2
zemba,2
mediati,2
123456Q,2
abhinam,2
brigitt,2
adonai,2
meelika,2
megafil,2
phone,2
zhangpw,2
sicher,2
andyale,2
sammy@1,2
henri,2
msmith,2
enc,2
end,2
ene,2
Jordan,2
FadeCom,2
dnslog,2
afops,2
geoffre,2
costel,2
yf@123,2
donga,2
hadoop#,2
spout,2
hadoop-,2
samanta,2
marcio1,2
123nuuc,2
amir,2
jlavoy,2
tisha,2
dame,2
ims,2
sonya,2
tayla,2
aDmin12,2
cmwlogi,2
biman,2
greenhg,2
bestyre,2
alen,2
researc,2
prodata,2
hxht,2
group,2
brianbo,2
attilaf,2
ghosts,2
emerola,2
gok,2
nagioss,2
maygion,2
laib,2
gou,2
nagiosa,2
gos,2
wimpje,2
photowo,2
Marvan,2
shazia,2
Kaisu,2
dayz,2
nagios0,2
nagios2,2
rana,2
nhc,2
mercury,2
meenaks,2
top,2
bitcoin,2
tou,2
melitta,2
ton,2
koes,2
tod,2
urban,2
vpshroo,2
adamsba,2
sokrayt,2
deploym,2
maressa,2
raf,2
sarath,2
tecmin,2
adahwai,2
rat,2
avnbot,2
doughty,2
an0th3r,2
karolin,2
csmi,2
frappef,2
jackhol,2
saturda,2
bsd,2
poczta,2
floy,2
flor,2
dagna,2
adminvi,2
queen,2
serivod,2
ahti,2
abegg,2
mysqlad,2
claude,2
camels1,2
lifan,2
ledak,2
ifigeni,2
git11,2
fabrice,2
gogo,2
amazon,2
bei,2
tammy,2
tcuser,2
QwerQwe,2
zonemin,2
Maila,2
moizur,2
akhavan,2
nux,2
nut,2
planeac,2
richer,2
habib,2
jairo12,2
btsicmi,2
jct_stl,2
elk,2
zakri,2
christa,2
senga,2
terrenc,2
myer,2
beacon,2
gamer,2
alanna,2
ffpass,2
Geos,2
websphe,2
trust,2
suroy,2
jesuina,2
ak47,2
eaf,2
zhougf,2
yusuf,2
agneta,2
conta,2
xxl,2
tomberl,2
violeta,2
pyramid,2
lottis,2
loverin,2
gusr,2
fundaci,2
agarwal,2
kiyoko,2
deploy3,2
ervin,2
moose,2
leger,2
huawei1,2
vvk,2
caps,2
malanot,2
deployo,2
cigna,2
mother,2
laptop,2
picasso,2
Pwnh6SJ,2
sqladmi,2
aral,2
aikin,2
suzan,2
fuckthi,2
D,2
anais,2
sh311,2
cerasel,2
amon,2
samanva,2
julieta,2
adria,2
airqual,2
cmdpmf,2
rshivar,2
k09jh87,2
jill,2
abdel,2
shamim,2
cnc,2
icp,2
cora,2
cort,2
corp,2
jadon,2
cuberit,2
pavbras,2
fabiano,2
Amx1234,2
ppo,2
johntlo,2
a4abroa,2
luiza,2
urbacku,2
scamper,2
gio,2
head,2
uuuu,2
hugues,2
campusp,2
pgsql1,2
Anttoni,2
vivo,2
trance,2
pyej,2
lemotiv,2
nsroot,2
maryl,2
enterpr,2
acap,2
trib,2
ch123,2
morgeng,2
cimp,2
tie,2
toad,2
cns,2
fastes,2
faster,2
interme,2
e-shop,2
jfortun,2
bambi,2
ctopup,2
roo,2
marion,2
rou,2
jbava,2
testen,2
tosha,2
chaoyou,2
loginus,2
zunami,2
egmont,2
ibrahim,2
54321,2
cool,2
davinci,2
cloudy,2
toyiesh,2
legange,2
adminte,2
pork,2
pkjain,2
porc,2
shandi,2
Mirva,2
trent,2
Jana,2
volkmar,2
ministe,2
semira,2
arasaac,2
pisica,2
cecile,2
saphir,2
deletee,2
svin,2
rootuse,2
valoare,2
healtht,2
rk3229,2
acenten,2
web0,2
sontra,2
xantipa,2
adi123,2
plm,2
msw,2
abbai,2
sensu,2
msr,2
mazzoni,2
msg,2
mse,2
meyer,2
rios,2
zminer,2
yves,2
jude,2
adser,2
aavetsl,2
rufus,2
oseias,2
Victor1,2
jzapata,2
alainap,2
mbari-q,2
andrade,2
dsjhome,2
clone,2
levi,2
zxc1234,2
paribhi,2
deva,2
epifani,2
osix.,2
inform,2
kiefer,2
openHab,2
Popular,2
Aaliyah,2
felicia,2
tele,2
gts,2
dave2,2
ajmal,2
porteri,2
jzhao,2
qing,2
ftpdemo,2
testhp,2
advent,2
tabata,2
aleks,2
kslewin,2
piccatr,2
mysql0,2
ioshua,2
fery,2
xf123,2
sybil,2
kenm,2
dire,2
eagle,2
anwar,2
limpa,2
apate,2
iview,2
jwy,2
1qaz@ws,2
estelle,2
motion,2
yuk,2
merrill,2
bks,2
cocumbe,2
haslo,2
rosco,2
returns,2
worlddo,2
alag,2
cuigj12,2
braun,2
opfor,2
Lempi,2
1qaz2WS,2
ani,2
adelita,2
leilane,2
ilona,2
prs,2
ss3serv,2
fffff,2
catheri,2
nickoll,2
klif,2
crimina,2
epsilon,2
ngrc,2
navig8o,2
masran,2
aspen,2
sherman,2
cturner,2
jakarta,2
liuy,2
cortex,2
liuj,2
liuh,2
dylan12,2
tkm,2
arkuser,2
troy,2
ivanhoe,2
terisoc,2
miami,2
wood,2
nadia,2
nadim,2
torr1en,2
fraser,2
kjohnso,2
ssc,2
interch,2
sbot,2
smceach,2
akobi,2
pushkar,2
stanlei,2
college,2
Jakub,2
parking,2
jcpass,2
ejohnso,2
borthwi,2
dev@123,2
gitlab1,2
gamma12,2
core01,2
odelia,2
inacio,2
jasmeet,2
dmin,2
stuttga,2
come,2
gitlab_,2
jericho,2
ossama,2
999999,2
smurf,2
anstaci,2
bobinas,2
messia,2
jhartle,2
manorel,2
nicole,2
tssbot,2
tesla,2
techhel,2
ramakir,2
tiger,2
akersve,2
andree,2
PruncuT,2
NIMDA,2
abcdef,2
zhun,2
jrocha,2
beadmin,2
islm,2
assembl,2
kelvin,2
loreen,2
mayra,2
akpevie,2
amarco,2
eureka,2
smart12,2
reward,2
fahim,2
ogar,2
acalend,2
makik,2
bpadmin,2
super@1,2
servulo,2
faber,2
victoir,2
cubrid,2
apached,2
uwmadmi,2
amohant,2
kuthoda,2
osiris,2
danube,2
micro,2
compoms,2
thejoel,2
silvana,2
cible,2
cilene,2
PFCUser,2
pineblu,2
og,2
visvana,2
hurtwor,2
ox,2
jswd,2
appltst,2
cp123,2
odoo10,2
odoo11,2
jue,2
nazmul,2
hodi,2
vestel,2
midgear,2
quin,2
gert,2
cassidy,2
madis,2
yarul,2
thschle,2
magnoli,2
umar,2
aiswari,2
bulleti,2
gnoses,2
Tanja,2
tooradm,2
bluecor,2
calla,2
smen,2
ptf,2
diener,2
baserp,2
mining,2
P@ssw19,2
init,2
mariop,2
solen,2
hema,2
aswathy,2
finja,2
shaunl,2
tsminst,2
akers,2
ten,2
jayashr,2
chouji,2
sue,2
suo,2
neng,2
andrewh,2
andreww,2
mms,2
czdlpic,2
cd123,2
corenti,2
des2k,2
fv123,2
screene,2
s812204,2
travel_,2
nffqata,2
kodikod,2
osboxes,2
aastorp,2
hoffman,2
mira,2
mirc,2
ftpshar,2
mellow,2
iprscan,2
niggell,2
wwwmvp,2
saltes,2
gameser,2
oi123,2
pong,2
norine,2
zantae,2
sshopen,2
noemie,2
gisele,2
VMware,2
gromnet,2
resourc,2
lais,2
maite,2
catalog,2
malena,2
okab,2
short,2
cedrez,2
myshake,2
alcaraz,2
Verneri,2
xuan,2
xmpp,2
mission,2
samuel1,2
tljob,2
ricarda,2
style,2
mateo,2
foswiki,2
abbey,2
wyzykie,2
vopalen,2
janique,2
snadend,2
kerrie,2
bestbus,2
sunil12,2
ADSL,2
bernadi,2
cslab,2
lucifer,2
health,2
bazooka,2
acsay,2
danilo,2
mg3500,2
mprint,2
advani,2
adamski,2
kovtim,2
xaviar,2
dcmadmi,2
123post,2
tarmo,2
faxin,2
story,2
opennlp,2
frontde,2
woland,2
watcher,2
hcn1271,2
cybcomm,2
libreel,2
danb,2
pcserve,2
igor,2
purala,2
zxin,2
emilee,2
ranand,2
ozstore,2
yurisuk,2
clovis,2
centos1,2
martha,2
lanto,2
odara,2
jsr,2
mmmm,2
shutdow,2
sathees,2
calzado,2
juliano,2
cdb,2
cdc,2
dinfoo,2
scs,2
cdh,2
johnath,2
xcribb,2
mktg123,2
derry,2
moses,2
hie,2
1q2w3e$,2
TimeBot,2
aagesen,2
pvp,2
barefac,2
ard,2
arm,2
elyzabe,2
lauren,2
Narc1sS,2
ordplug,2
hekz,2
uz123,2
nahan,2
nakula,2
carlosf,2
swk,2
nader,2
eltmzm!,2
gm_prop,2
quintel,2
wking,2
admin#1,2
carlos1,2
devkost,2
testies,2
wilkers,2
fdruser,2
jeanine,2
grogers,2
batch,2
goldsp,2
seiple,2
toyiba,2
leano,2
nevykel,2
vonelli,2
riak123,2
peoples,2
7654321,2
kelita,2
lohrman,2
gilad,2
suser,2
ssegun,2
demo2,2
daren,2
bsugar,2
abcde,2
edge,2
nurul,2
cic,2
pathy,2
sgamer,2
shaswat,2
myuser1,2
gluster,2
diomara,2
rajadhi,2
zach,2
lexus,2
prince,2
beeidig,2
ksada,2
qxpay,2
Pompano,2
mmills,2
andriy,2
kipl,2
tandber,2
lomelin,2
mariah,2
ljs,2
tscr,2
billing,2
amitsn,2
enomoto,2
fbm,2
puneet,2
rankwat,2
natemat,2
yuriy,2
mannher,2
Operato,2
intense,2
Juho,2
prostak,2
pro3,2
pro2,2
johny,2
seilhoi,2
agsauli,2
holstei,2
aknine,2
desadm,2
p4sswOr,2
ggggg,2
leisa,2
isabela,2
sruser1,2
tpe,2
leelava,2
kernoop,2
junior,2
penguin,2
msd,2
akhiles,2
wcxie,2
abahri,2
jelena,2
ethOS,2
ki,2
cyberne,2
tomcat4,2
siriusa,2
tuhin,2
kelby,2
grr,2
peace,2
nicu,2
site01,2
keyter,2
tomcats,2
sibin,2
remix,2
ckutp,2
Passw@r,2
cod2ser,2
kaylie,2
nash,2
trustco,2
htpd,2
edi,2
edp,2
ww123,2
stevo,2
inssftp,2
dk123,2
cip,2
zxin11,2
gina,2
aldir,2
albrech,2
sl@123,2
mexal,2
pcrippe,2
agus,2
rad,2
duffy,2
Brantle,2
cychen,2
web76f1,2
pollina,2
ian123,2
FFA,2
qazWSX1,2
4321,2
osvaldo,2
1admin,2
notoriu,2
hansols,2
looque,2
doormat,2
avinash,2
hky,2
cozy,2
rederep,2
firewal,2
hko,2
twintow,2
triage,2
db2add,2
utnet,2
qmails,2
qmailp,2
sanga,2
wil,2
iodine,2
egg,2
usa,2
veroxco,2
txtx,2
fep,2
curelea,2
verita,2
bonapar,2
impress,2
hein,2
heil,2
Hemmink,2
taureau,2
endian,2
cierre,2
serial,2
sercon,2
taj,2
sip,2
jomar,2
Anonymo,2
unitek,2
radioma,2
admin!1,2
love123,2
andress,2
tlent,2
limeiji,2
light,2
emanuel,2
bretto,2
mainten,2
richell,2
freebsd,2
amerie,2
ivone,2
evelyne,2
suessan,2
elis,2
cyberfa,2
wawi,2
efraim,2
qqq111,2
secadmi,2
audelae,2
oradev,2
rrussel,2
cscz,2
carole,2
rsvp,2
flex,2
crash,2
draadlo,2
orangep,2
cristob,2
paperne,2
backpmp,2
jeova,2
testdev,2
macosx,2
mdnsd,2
umesh12,2
backupt,2
volfe,2
sabra,2
vweru,2
exambin,2
hrbcb,2
york,2
%tGb$rF,2
rheal,2
admosfe,2
opscode,2
coduo,2
caim,2
steamm,2
sindesi,2
homero,2
testasp,2
wilmar,2
pc1,2
yayan,2
glauber,2
suwit,2
omnix,2
spania,2
kusanag,2
abbie,2
ira,2
juli,2
u252588,2
hfsql,2
aspnet,2
linker,2
bliu,2
redmond,2
eter,2
netflow,2
meryl,2
dirsrv,2
kristo,2
marthe,2
buexec,2
yatri,2
darioop,2
malviya,2
class,2
fahmed,2
nmis,2
pmartin,2
jeffgal,2
fieu,2
ataylor,2
schulz,2
avservi,2
jazmin,2
mikayla,2
airbamb,2
dorothy,2
abbasci,2
akiyosh,2
gladys1,2
alex123,2
margo,2
vedoviv,2
vriese,2
hatang,2
suel,2
djohnso,2
presley,2
qz,2
ripley,2
123456q,2
muielak,2
topgui,2
module,2
disaste,2
neng123,2
gmail,2
tftpd,2
xray,2
marsboa,2
joy,2
!@!,2
duane,2
joa,2
0705824,2
rules,2
koyote,2
itis,2
tiina,2
arris,2
walt,2
stan123,2
amigo,2
aguie,2
tutor,2
psdev,2
kanishk,2
odilon,2
pemp,2
bmarcoo,2
parkyr,2
brenden,2
modific,2
hunter-,2
transpo,2
cmtsang,2
bb2,2
watson,2
aaren,2
bienheu,2
696969,2
gestore,2
craig2,2
midas,2
ava,2
uptime,2
vintage,2
member,2
unity,2
promo,2
beast,2
suzi,2
lobby,2
qwert!@,2
albin,2
motion1,2
bcbacku,2
cristi,2
rtholde,2
tcs,2
tcp,2
mfs,2
casper,2
uchiIu4,2
volzer,2
kadewe,2
edu1,2
tax,2
amsys,2
lonzia,2
sick,2
scanuse,2
adolph,2
rachel1,2
mwilhei,2
neptun,2
theophi,2
astrogi,2
pramod,2
susheen,2
screeps,2
perpetu,2
elke,2
y3Yj61j,2
zhaobin,2
jupira,2
wcsuser,2
empire,2
kdw,2
zeta,2
lear,2
leaz,2
locate,2
matrixe,2
razeror,2
paste,2
gratiel,2
ctaggar,2
promise,2
portail,2
123qaz,2
kawa,2
lorrain,2
sreekan,2
vongpha,2
alexa,2
eduis,2
shang,2
shana,2
mmcgowa,2
1111111,2
a@123,2
Alpo,2
codserv,2
moblox,2
lvs,2
record,2
Jenni,2
winace,2
aakerma,2
www-sft,2
anju,2
tgproxy,2
suzanne,2
altair,2
nitish,2
album,2
oem,2
i2db,2
kevinl,2
yamazak,2
jewel,2
heidi,2
sasi,2
xie,1
-,1
polkitd,1
roiot,1
-,0m,1
